candidateId,path,symbol,language,role,runtimeReachability,compileConsumers,runtimeConsumers,reflectionConsumers,configurationConsumers,testConsumers,scriptConsumers,historicalReferences,safetyRole,compatibilityRole,qualificationRole,canonicalProductionCounterpart,canonicalTestCounterpart,uniqueAssertionCount,uniqueBehaviorCovered,currentExecutionStatus,finalDisposition,reason,verification
L-001,backend/nq-auth/src/main/java/com/guidinglight/nexusquant/auth/application/service/LocalAuthService.java,LocalAuthService,Java,unused production object,none demonstrated,0 observed,0 observed,0 observed in Class.forName/ServiceLoader/FQCN scan,0 observed,0 observed,0 observed,historical documentation unchanged,none,none,none,,,,,,REMOVE_SUPERSEDED,DB backed DbAuthService is the sole AuthService bean in SecurityConfiguration,Exact token/FQCN and Spring wiring scan; affected reactor test-compile; targeted context/architecture tests
L-002,backend/nq-auth/src/main/java/com/guidinglight/nexusquant/auth/domain/LocalUserAccount.java,LocalUserAccount,Java,unused production object,none demonstrated,0 observed,0 observed,0 observed in Class.forName/ServiceLoader/FQCN scan,0 observed,0 observed,0 observed,historical documentation unchanged,none,none,none,,,,,,REMOVE_DEAD,Only the removed LocalAuthService consumed this configuration account record,Exact token/FQCN and Spring wiring scan; affected reactor test-compile; targeted context/architecture tests
L-003,backend/nq-common/src/main/java/com/guidinglight/nexusquant/common/error/AppException.java,AppException,Java,unused production object,none demonstrated,0 observed,0 observed,0 observed in Class.forName/ServiceLoader/FQCN scan,0 observed,0 observed,0 observed,historical documentation unchanged,none,none,none,,,,,,REMOVE_DEAD,Placeholder exception has no source/config/test consumer,Exact token/FQCN and Spring wiring scan; affected reactor test-compile; targeted context/architecture tests
L-004,backend/nq-common/src/main/java/com/guidinglight/nexusquant/common/error/ErrorCode.java,ErrorCode,Java,unused production object,none demonstrated,0 observed,0 observed,0 observed in Class.forName/ServiceLoader/FQCN scan,0 observed,0 observed,0 observed,historical documentation unchanged,none,none,none,,,,,,REMOVE_DEAD,Placeholder enum was only consumed by removed AppException,Exact token/FQCN and Spring wiring scan; affected reactor test-compile; targeted context/architecture tests
L-005,backend/nq-core/src/main/java/com/guidinglight/nexusquant/trading/domain/OrderAggregate.java,OrderAggregate,Java,unused production object,none demonstrated,0 observed,0 observed,0 observed in Class.forName/ServiceLoader/FQCN scan,0 observed,0 observed,0 observed,historical documentation unchanged,none,none,none,,,,,,REMOVE_DEAD,Gate A record skeleton has no order runtime or test consumer,Exact token/FQCN and Spring wiring scan; affected reactor test-compile; targeted context/architecture tests
L-006,backend/nq-core/src/main/java/com/guidinglight/nexusquant/trading/domain/OrdinaryPlaceAuthorityState.java,OrdinaryPlaceAuthorityState,Java,unused production object,none demonstrated,0 observed,0 observed,0 observed in Class.forName/ServiceLoader/FQCN scan,0 observed,0 observed,0 observed,historical documentation unchanged,none,none,none,,,,,,REMOVE_DEAD,Enum has no authority runtime or test consumer; current decisions use other domain types,Exact token/FQCN and Spring wiring scan; affected reactor test-compile; targeted context/architecture tests
L-007,backend/nq-risk/src/main/java/com/guidinglight/nexusquant/risk/service/NoopRiskGate.java,NoopRiskGate,Java,unused production object,none demonstrated,0 observed,0 observed,0 observed in Class.forName/ServiceLoader/FQCN scan,0 observed,0 observed,0 observed,historical documentation unchanged,none,none,none,,,,,,REMOVE_DEAD,"Allow-all implementation has no Bean annotation, wiring, source or test consumer",Exact token/FQCN and Spring wiring scan; affected reactor test-compile; targeted context/architecture tests
L-008,backend/nq-ledger/src/main/java/com/guidinglight/nexusquant/ledger/compatibility/LedgerService.java,LedgerService,Java,unused production object,none demonstrated,0 observed,0 observed,0 observed in Class.forName/ServiceLoader/FQCN scan,0 observed,0 observed,0 observed,historical documentation unchanged,none,none,none,,,,,,REMOVE_OBSOLETE_COMPATIBILITY,Only local/test NoopLedgerService bean used the compatibility interface; no injection point remains,Exact token/FQCN and Spring wiring scan; affected reactor test-compile; targeted context/architecture tests
L-009,backend/nq-ledger/src/main/java/com/guidinglight/nexusquant/ledger/compatibility/NoopLedgerService.java,NoopLedgerService,Java,unused production object,none demonstrated,0 observed,0 observed,0 observed in Class.forName/ServiceLoader/FQCN scan,0 observed,0 observed,0 observed,historical documentation unchanged,none,none,none,,,,,,REMOVE_OBSOLETE_COMPATIBILITY,Only local/test fallback factory constructed this noop Bean; no injection point remains,Exact token/FQCN and Spring wiring scan; affected reactor test-compile; targeted context/architecture tests
L-010,backend/nq-ledger/src/main/java/com/guidinglight/nexusquant/ledger/model/LedgerEntry.java,LedgerEntry,Java,unused production object,none demonstrated,0 observed,0 observed,0 observed in Class.forName/ServiceLoader/FQCN scan,0 observed,0 observed,0 observed,historical documentation unchanged,none,none,none,,,,,,REMOVE_DEAD,Gate A ledger record skeleton was only consumed by the removed compatibility LedgerService,Exact token/FQCN and Spring wiring scan; affected reactor test-compile; targeted context/architecture tests
L-011,backend/nq-adapter-binance/src/main/java/com/guidinglight/nexusquant/adapter/binance/marketdata/BinanceHistoricalKlineAdapter.java,BinanceHistoricalKlineAdapter,Java,zero direct name reference candidate,Spring component scan,0 observed,Spring component scan,not required for KEEP,Component,0 observed,not required for KEEP,historical snapshots retained,none,none,none,,,,,,KEEP_ACTIVE_RUNTIME,Spring component scan from NexusQuantApplication reaches this annotated type,Token scan across main/test/config/scripts; annotation and application component-scan review
L-012,backend/nq-adapter-binance/src/main/java/com/guidinglight/nexusquant/adapter/binance/ws/BinanceWsSmokeRunner.java,BinanceWsSmokeRunner,Java,zero direct name reference candidate,Spring component scan,0 observed,Spring component scan,not required for KEEP,"Component,ConditionalOnProperty,Profile",0 observed,not required for KEEP,historical snapshots retained,none,none,none,,,,,,KEEP_ACTIVE_RUNTIME,Spring component scan from NexusQuantApplication reaches this annotated type,Token scan across main/test/config/scripts; annotation and application component-scan review
L-013,backend/nq-api/src/main/java/com/guidinglight/nexusquant/api/web/config/OpenApiSecurityConfiguration.java,OpenApiSecurityConfiguration,Java,zero direct name reference candidate,annotation metadata,0 observed,annotation metadata,not required for KEEP,none observed,0 observed,not required for KEEP,historical snapshots retained,none,none,none,,,,,,KEEP_ACTIVE_RUNTIME,OpenAPI @SecurityScheme supplies bearerAuth annotation metadata,Token scan across main/test/config/scripts; annotation and application component-scan review
L-014,backend/nq-api/src/main/java/com/guidinglight/nexusquant/paper/api/web/PaperPortfolioController.java,PaperPortfolioController,Java,zero direct name reference candidate,Spring component scan,0 observed,Spring component scan,not required for KEEP,"ConditionalOnBean,RestController",0 observed,not required for KEEP,historical snapshots retained,none,none,none,,,,,,KEEP_ACTIVE_RUNTIME,Spring component scan from NexusQuantApplication reaches this annotated type,Token scan across main/test/config/scripts; annotation and application component-scan review
L-015,backend/nq-api/src/main/java/com/guidinglight/nexusquant/paper/api/web/PaperTradingController.java,PaperTradingController,Java,zero direct name reference candidate,Spring component scan,0 observed,Spring component scan,not required for KEEP,"ConditionalOnBean,RestController",0 observed,not required for KEEP,historical snapshots retained,none,none,none,,,,,,KEEP_ACTIVE_RUNTIME,Spring component scan from NexusQuantApplication reaches this annotated type,Token scan across main/test/config/scripts; annotation and application component-scan review
L-016,backend/nq-api/src/main/java/com/guidinglight/nexusquant/paper/api/web/PaperTradingScheduleController.java,PaperTradingScheduleController,Java,zero direct name reference candidate,Spring component scan,0 observed,Spring component scan,not required for KEEP,"ConditionalOnBean,RestController",0 observed,not required for KEEP,historical snapshots retained,none,none,none,,,,,,KEEP_ACTIVE_RUNTIME,Spring component scan from NexusQuantApplication reaches this annotated type,Token scan across main/test/config/scripts; annotation and application component-scan review
L-017,backend/nq-api/src/main/java/com/guidinglight/nexusquant/research/api/web/PublishController.java,PublishController,Java,zero direct name reference candidate,Spring component scan,0 observed,Spring component scan,not required for KEEP,"ConditionalOnBean,RestController",0 observed,not required for KEEP,historical snapshots retained,none,none,none,,,,,,KEEP_ACTIVE_RUNTIME,Spring component scan from NexusQuantApplication reaches this annotated type,Token scan across main/test/config/scripts; annotation and application component-scan review
L-018,backend/nq-api/src/main/java/com/guidinglight/nexusquant/strategy/api/web/StrategyDefinitionController.java,StrategyDefinitionController,Java,zero direct name reference candidate,Spring component scan,0 observed,Spring component scan,not required for KEEP,RestController,0 observed,not required for KEEP,historical snapshots retained,none,none,none,,,,,,KEEP_ACTIVE_RUNTIME,Spring component scan from NexusQuantApplication reaches this annotated type,Token scan across main/test/config/scripts; annotation and application component-scan review
L-019,backend/nq-api/src/main/java/com/guidinglight/nexusquant/strategy/api/web/StrategyRunController.java,StrategyRunController,Java,zero direct name reference candidate,Spring component scan,0 observed,Spring component scan,not required for KEEP,RestController,0 observed,not required for KEEP,historical snapshots retained,none,none,none,,,,,,KEEP_ACTIVE_RUNTIME,Spring component scan from NexusQuantApplication reaches this annotated type,Token scan across main/test/config/scripts; annotation and application component-scan review
L-020,backend/nq-api/src/main/java/com/guidinglight/nexusquant/strategy/api/web/StrategyScheduleController.java,StrategyScheduleController,Java,zero direct name reference candidate,Spring component scan,0 observed,Spring component scan,not required for KEEP,RestController,0 observed,not required for KEEP,historical snapshots retained,none,none,none,,,,,,KEEP_ACTIVE_RUNTIME,Spring component scan from NexusQuantApplication reaches this annotated type,Token scan across main/test/config/scripts; annotation and application component-scan review
L-021,backend/nq-app/src/main/java/com/guidinglight/nexusquant/app/config/auth/AuthBootstrapAdminConfiguration.java,AuthBootstrapAdminConfiguration,Java,zero direct name reference candidate,Spring component scan,0 observed,Spring component scan,not required for KEEP,"Bean,ConditionalOnProperty,Configuration",0 observed,not required for KEEP,historical snapshots retained,none,none,none,,,,,,KEEP_ACTIVE_RUNTIME,Spring component scan from NexusQuantApplication reaches this annotated type,Token scan across main/test/config/scripts; annotation and application component-scan review
L-022,backend/nq-app/src/main/java/com/guidinglight/nexusquant/app/config/auth/AuthModuleConfiguration.java,AuthModuleConfiguration,Java,zero direct name reference candidate,Spring component scan,0 observed,Spring component scan,not required for KEEP,"Bean,Configuration",0 observed,not required for KEEP,historical snapshots retained,none,none,none,,,,,,KEEP_ACTIVE_RUNTIME,Spring component scan from NexusQuantApplication reaches this annotated type,Token scan across main/test/config/scripts; annotation and application component-scan review
L-023,backend/nq-app/src/main/java/com/guidinglight/nexusquant/app/config/auth/AuthSeedConfiguration.java,AuthSeedConfiguration,Java,zero direct name reference candidate,Spring component scan,0 observed,Spring component scan,not required for KEEP,"Bean,Configuration,Profile",0 observed,not required for KEEP,historical snapshots retained,none,none,none,,,,,,KEEP_ACTIVE_RUNTIME,Spring component scan from NexusQuantApplication reaches this annotated type,Token scan across main/test/config/scripts; annotation and application component-scan review
L-024,backend/nq-app/src/main/java/com/guidinglight/nexusquant/app/config/trading/TradingRuntimeConfiguration.java,TradingRuntimeConfiguration,Java,zero direct name reference candidate,Spring component scan,0 observed,Spring component scan,not required for KEEP,"Bean,Configuration",0 observed,not required for KEEP,historical snapshots retained,none,none,none,,,,,,KEEP_ACTIVE_RUNTIME,Spring component scan from NexusQuantApplication reaches this annotated type,Token scan across main/test/config/scripts; annotation and application component-scan review
L-025,backend/nq-app/src/main/java/com/guidinglight/nexusquant/app/livecontrol/executionworker/DisposableFakeVenueLauncher.java,DisposableFakeVenueLauncher,Java,zero direct name reference candidate,disposable CLI main,0 observed,disposable CLI main,not required for KEEP,none observed,0 observed,not required for KEEP,historical snapshots retained,none,none,historical process reproduction,,,,,,KEEP_FORMAL_QUALIFICATION_SUPPORT,Isolated loopback fake venue remains historical real-process reproduction support,Token scan across main/test/config/scripts; annotation and application component-scan review
L-026,backend/nq-app/src/main/java/com/guidinglight/nexusquant/integration/dh/transport/DisabledDhDryRunTransport.java,DisabledDhDryRunTransport,Java,zero direct name reference candidate,optional no-outbound implementation,0 observed,optional no-outbound implementation,not required for KEEP,none observed,0 observed,not required for KEEP,historical snapshots retained,no outbound,none,none,,,,,,KEEP_SAFETY_FALLBACK,Explicit no-outbound transport returns CLIENT_DISABLED and preserves diagnostic fail-closed option,Token scan across main/test/config/scripts; annotation and application component-scan review
L-027,backend/nq-backtest/src/main/java/com/guidinglight/nexusquant/research/backtest/config/BacktestDomainConfiguration.java,BacktestDomainConfiguration,Java,zero direct name reference candidate,Spring component scan,0 observed,Spring component scan,not required for KEEP,"Bean,Configuration",0 observed,not required for KEEP,historical snapshots retained,none,none,none,,,,,,KEEP_ACTIVE_RUNTIME,Spring component scan from NexusQuantApplication reaches this annotated type,Token scan across main/test/config/scripts; annotation and application component-scan review
L-028,backend/nq-contracts/src/main/java/com/guidinglight/nexusquant/contracts/event/LedgerEntryCreatedPayload.java,LedgerEntryCreatedPayload,Java,zero direct name reference candidate,event serialization type,0 observed,event serialization type,not required for KEEP,none observed,0 observed,not required for KEEP,historical snapshots retained,none,serialized event identity,none,,,,,,KEEP_ACTIVE_COMPATIBILITY,Jackson event payload is a public serialized contract,Token scan across main/test/config/scripts; annotation and application component-scan review
L-029,backend/nq-contracts/src/main/java/com/guidinglight/nexusquant/contracts/event/OrderSubmitted.java,OrderSubmitted,Java,zero direct name reference candidate,event serialization type,0 observed,event serialization type,not required for KEEP,none observed,0 observed,not required for KEEP,historical snapshots retained,none,serialized event identity,none,,,,,,KEEP_ACTIVE_COMPATIBILITY,Jackson event payload is a public serialized contract,Token scan across main/test/config/scripts; annotation and application component-scan review
L-030,backend/nq-contracts/src/main/java/com/guidinglight/nexusquant/contracts/event/PositionUpdatedPayload.java,PositionUpdatedPayload,Java,zero direct name reference candidate,event serialization type,0 observed,event serialization type,not required for KEEP,none observed,0 observed,not required for KEEP,historical snapshots retained,none,serialized event identity,none,,,,,,KEEP_ACTIVE_COMPATIBILITY,Jackson event payload is a public serialized contract,Token scan across main/test/config/scripts; annotation and application component-scan review
L-031,backend/nq-contracts/src/main/java/com/guidinglight/nexusquant/contracts/event/RiskDecisionPayload.java,RiskDecisionPayload,Java,zero direct name reference candidate,event serialization type,0 observed,event serialization type,not required for KEEP,none observed,0 observed,not required for KEEP,historical snapshots retained,none,serialized event identity,none,,,,,,KEEP_ACTIVE_COMPATIBILITY,Jackson event payload is a public serialized contract,Token scan across main/test/config/scripts; annotation and application component-scan review
L-032,backend/nq-contracts/src/main/java/com/guidinglight/nexusquant/contracts/event/TradeFilledPayload.java,TradeFilledPayload,Java,zero direct name reference candidate,event serialization type,0 observed,event serialization type,not required for KEEP,none observed,0 observed,not required for KEEP,historical snapshots retained,none,serialized event identity,none,,,,,,KEEP_ACTIVE_COMPATIBILITY,Jackson event payload is a public serialized contract,Token scan across main/test/config/scripts; annotation and application component-scan review
L-033,backend/nq-core/src/main/java/com/guidinglight/nexusquant/strategy/application/port/ManualStrategyTriggerGateway.java,ManualStrategyTriggerGateway,Java,zero direct name reference candidate,Spring component scan,0 observed,Spring component scan,not required for KEEP,Component,0 observed,not required for KEEP,historical snapshots retained,none,none,none,,,,,,KEEP_ACTIVE_RUNTIME,Spring component scan from NexusQuantApplication reaches this annotated type,Token scan across main/test/config/scripts; annotation and application component-scan review
L-034,backend/nq-eval/src/main/java/com/guidinglight/nexusquant/research/eval/config/EvaluationDomainConfiguration.java,EvaluationDomainConfiguration,Java,zero direct name reference candidate,Spring component scan,0 observed,Spring component scan,not required for KEEP,"Bean,Component,Configuration",0 observed,not required for KEEP,historical snapshots retained,none,none,none,,,,,,KEEP_ACTIVE_RUNTIME,Spring component scan from NexusQuantApplication reaches this annotated type,Token scan across main/test/config/scripts; annotation and application component-scan review
L-035,backend/nq-infra/src/main/java/com/guidinglight/nexusquant/infra/config/InfraModuleConfiguration.java,InfraModuleConfiguration,Java,zero direct name reference candidate,Spring component scan,0 observed,Spring component scan,not required for KEEP,Configuration,0 observed,not required for KEEP,historical snapshots retained,none,none,none,,,,,,KEEP_ACTIVE_RUNTIME,Spring component scan from NexusQuantApplication reaches this annotated type,Token scan across main/test/config/scripts; annotation and application component-scan review
L-036,backend/nq-infra/src/main/java/com/guidinglight/nexusquant/marketdata/infra/adapter/AdapterHistoricalKlineProvider.java,AdapterHistoricalKlineProvider,Java,zero direct name reference candidate,Spring component scan,0 observed,Spring component scan,not required for KEEP,Component,0 observed,not required for KEEP,historical snapshots retained,none,none,none,,,,,,KEEP_ACTIVE_RUNTIME,Spring component scan from NexusQuantApplication reaches this annotated type,Token scan across main/test/config/scripts; annotation and application component-scan review
L-037,backend/nq-infra/src/main/java/com/guidinglight/nexusquant/marketdata/infra/config/MarketdataModuleConfiguration.java,MarketdataModuleConfiguration,Java,zero direct name reference candidate,Spring component scan,0 observed,Spring component scan,not required for KEEP,"Bean,Configuration",0 observed,not required for KEEP,historical snapshots retained,none,none,none,,,,,,KEEP_ACTIVE_RUNTIME,Spring component scan from NexusQuantApplication reaches this annotated type,Token scan across main/test/config/scripts; annotation and application component-scan review
L-038,backend/nq-infra/src/main/java/com/guidinglight/nexusquant/marketdata/infra/jdbc/JdbcMarketdataDatasetRepository.java,JdbcMarketdataDatasetRepository,Java,zero direct name reference candidate,Spring component scan,0 observed,Spring component scan,not required for KEEP,Repository,0 observed,not required for KEEP,historical snapshots retained,none,none,none,,,,,,KEEP_ACTIVE_RUNTIME,Spring component scan from NexusQuantApplication reaches this annotated type,Token scan across main/test/config/scripts; annotation and application component-scan review
L-039,backend/nq-infra/src/main/java/com/guidinglight/nexusquant/marketdata/infra/jdbc/JdbcMarketdataIngestionJobRepository.java,JdbcMarketdataIngestionJobRepository,Java,zero direct name reference candidate,Spring component scan,0 observed,Spring component scan,not required for KEEP,Repository,0 observed,not required for KEEP,historical snapshots retained,none,none,none,,,,,,KEEP_ACTIVE_RUNTIME,Spring component scan from NexusQuantApplication reaches this annotated type,Token scan across main/test/config/scripts; annotation and application component-scan review
L-040,backend/nq-infra/src/main/java/com/guidinglight/nexusquant/marketdata/infra/jdbc/JdbcMarketdataQualityOverviewRepository.java,JdbcMarketdataQualityOverviewRepository,Java,zero direct name reference candidate,Spring component scan,0 observed,Spring component scan,not required for KEEP,Repository,0 observed,not required for KEEP,historical snapshots retained,none,none,none,,,,,,KEEP_ACTIVE_RUNTIME,Spring component scan from NexusQuantApplication reaches this annotated type,Token scan across main/test/config/scripts; annotation and application component-scan review
L-041,backend/nq-infra/src/main/java/com/guidinglight/nexusquant/marketdata/infra/jdbc/JdbcMarketdataReadinessRepository.java,JdbcMarketdataReadinessRepository,Java,zero direct name reference candidate,Spring component scan,0 observed,Spring component scan,not required for KEEP,Repository,0 observed,not required for KEEP,historical snapshots retained,none,none,none,,,,,,KEEP_ACTIVE_RUNTIME,Spring component scan from NexusQuantApplication reaches this annotated type,Token scan across main/test/config/scripts; annotation and application component-scan review
L-042,backend/nq-infra/src/main/java/com/guidinglight/nexusquant/research/infra/backtest/jdbc/JdbcBacktestConfigRepository.java,JdbcBacktestConfigRepository,Java,zero direct name reference candidate,Spring component scan,0 observed,Spring component scan,not required for KEEP,Repository,0 observed,not required for KEEP,historical snapshots retained,none,none,none,,,,,,KEEP_ACTIVE_RUNTIME,Spring component scan from NexusQuantApplication reaches this annotated type,Token scan across main/test/config/scripts; annotation and application component-scan review
L-043,backend/nq-infra/src/main/java/com/guidinglight/nexusquant/research/infra/backtest/jdbc/JdbcBacktestRunRepository.java,JdbcBacktestRunRepository,Java,zero direct name reference candidate,Spring component scan,0 observed,Spring component scan,not required for KEEP,Repository,0 observed,not required for KEEP,historical snapshots retained,none,none,none,,,,,,KEEP_ACTIVE_RUNTIME,Spring component scan from NexusQuantApplication reaches this annotated type,Token scan across main/test/config/scripts; annotation and application component-scan review
L-044,backend/nq-infra/src/main/java/com/guidinglight/nexusquant/research/infra/backtest/jdbc/JdbcSimOrderRepository.java,JdbcSimOrderRepository,Java,zero direct name reference candidate,Spring component scan,0 observed,Spring component scan,not required for KEEP,Repository,0 observed,not required for KEEP,historical snapshots retained,none,none,none,,,,,,KEEP_ACTIVE_RUNTIME,Spring component scan from NexusQuantApplication reaches this annotated type,Token scan across main/test/config/scripts; annotation and application component-scan review
L-045,backend/nq-infra/src/main/java/com/guidinglight/nexusquant/research/infra/backtest/jdbc/JdbcSimPnlSnapshotRepository.java,JdbcSimPnlSnapshotRepository,Java,zero direct name reference candidate,Spring component scan,0 observed,Spring component scan,not required for KEEP,Repository,0 observed,not required for KEEP,historical snapshots retained,none,none,none,,,,,,KEEP_ACTIVE_RUNTIME,Spring component scan from NexusQuantApplication reaches this annotated type,Token scan across main/test/config/scripts; annotation and application component-scan review
L-046,backend/nq-infra/src/main/java/com/guidinglight/nexusquant/research/infra/backtest/jdbc/JdbcSimPositionRepository.java,JdbcSimPositionRepository,Java,zero direct name reference candidate,Spring component scan,0 observed,Spring component scan,not required for KEEP,Repository,0 observed,not required for KEEP,historical snapshots retained,none,none,none,,,,,,KEEP_ACTIVE_RUNTIME,Spring component scan from NexusQuantApplication reaches this annotated type,Token scan across main/test/config/scripts; annotation and application component-scan review
L-047,backend/nq-infra/src/main/java/com/guidinglight/nexusquant/research/infra/backtest/jdbc/JdbcSimTradeRepository.java,JdbcSimTradeRepository,Java,zero direct name reference candidate,Spring component scan,0 observed,Spring component scan,not required for KEEP,Repository,0 observed,not required for KEEP,historical snapshots retained,none,none,none,,,,,,KEEP_ACTIVE_RUNTIME,Spring component scan from NexusQuantApplication reaches this annotated type,Token scan across main/test/config/scripts; annotation and application component-scan review
L-048,backend/nq-infra/src/main/java/com/guidinglight/nexusquant/research/infra/eval/jdbc/JdbcBacktestEvaluationQueryPort.java,JdbcBacktestEvaluationQueryPort,Java,zero direct name reference candidate,Spring component scan,0 observed,Spring component scan,not required for KEEP,Repository,0 observed,not required for KEEP,historical snapshots retained,none,none,none,,,,,,KEEP_ACTIVE_RUNTIME,Spring component scan from NexusQuantApplication reaches this annotated type,Token scan across main/test/config/scripts; annotation and application component-scan review
L-049,backend/nq-infra/src/main/java/com/guidinglight/nexusquant/research/infra/eval/jdbc/JdbcBacktestEvaluationReportRepository.java,JdbcBacktestEvaluationReportRepository,Java,zero direct name reference candidate,Spring component scan,0 observed,Spring component scan,not required for KEEP,Repository,0 observed,not required for KEEP,historical snapshots retained,none,none,none,,,,,,KEEP_ACTIVE_RUNTIME,Spring component scan from NexusQuantApplication reaches this annotated type,Token scan across main/test/config/scripts; annotation and application component-scan review
L-050,backend/nq-infra/src/main/java/com/guidinglight/nexusquant/research/infra/jdbc/JdbcExecutionStrategyDefinitionWriter.java,JdbcExecutionStrategyDefinitionWriter,Java,zero direct name reference candidate,Spring component scan,0 observed,Spring component scan,not required for KEEP,Repository,0 observed,not required for KEEP,historical snapshots retained,none,none,none,,,,,,KEEP_ACTIVE_RUNTIME,Spring component scan from NexusQuantApplication reaches this annotated type,Token scan across main/test/config/scripts; annotation and application component-scan review
L-051,backend/nq-infra/src/main/java/com/guidinglight/nexusquant/research/infra/jdbc/JdbcResearchConfigRepository.java,JdbcResearchConfigRepository,Java,zero direct name reference candidate,Spring component scan,0 observed,Spring component scan,not required for KEEP,Repository,0 observed,not required for KEEP,historical snapshots retained,none,none,none,,,,,,KEEP_ACTIVE_RUNTIME,Spring component scan from NexusQuantApplication reaches this annotated type,Token scan across main/test/config/scripts; annotation and application component-scan review
L-052,backend/nq-infra/src/main/java/com/guidinglight/nexusquant/research/infra/jdbc/JdbcSourceStrategySnapshotRepository.java,JdbcSourceStrategySnapshotRepository,Java,zero direct name reference candidate,Spring component scan,0 observed,Spring component scan,not required for KEEP,Repository,0 observed,not required for KEEP,historical snapshots retained,none,none,none,,,,,,KEEP_ACTIVE_RUNTIME,Spring component scan from NexusQuantApplication reaches this annotated type,Token scan across main/test/config/scripts; annotation and application component-scan review
L-053,backend/nq-infra/src/main/java/com/guidinglight/nexusquant/research/infra/jdbc/JdbcStrategyVersionSnapshotQueryPort.java,JdbcStrategyVersionSnapshotQueryPort,Java,zero direct name reference candidate,Spring component scan,0 observed,Spring component scan,not required for KEEP,Repository,0 observed,not required for KEEP,historical snapshots retained,none,none,none,,,,,,KEEP_ACTIVE_RUNTIME,Spring component scan from NexusQuantApplication reaches this annotated type,Token scan across main/test/config/scripts; annotation and application component-scan review
L-054,backend/nq-infra/src/main/java/com/guidinglight/nexusquant/research/infra/paper/jdbc/JdbcEmergencyStopEventRepository.java,JdbcEmergencyStopEventRepository,Java,zero direct name reference candidate,Spring component scan,0 observed,Spring component scan,not required for KEEP,Repository,0 observed,not required for KEEP,historical snapshots retained,none,none,none,,,,,,KEEP_ACTIVE_RUNTIME,Spring component scan from NexusQuantApplication reaches this annotated type,Token scan across main/test/config/scripts; annotation and application component-scan review
L-055,backend/nq-infra/src/main/java/com/guidinglight/nexusquant/research/infra/paper/jdbc/JdbcPaperRunHeartbeatRepository.java,JdbcPaperRunHeartbeatRepository,Java,zero direct name reference candidate,Spring component scan,0 observed,Spring component scan,not required for KEEP,Repository,0 observed,not required for KEEP,historical snapshots retained,none,none,none,,,,,,KEEP_ACTIVE_RUNTIME,Spring component scan from NexusQuantApplication reaches this annotated type,Token scan across main/test/config/scripts; annotation and application component-scan review
L-056,backend/nq-infra/src/main/java/com/guidinglight/nexusquant/research/infra/paper/jdbc/JdbcPaperRunRecoveryEventRepository.java,JdbcPaperRunRecoveryEventRepository,Java,zero direct name reference candidate,Spring component scan,0 observed,Spring component scan,not required for KEEP,Repository,0 observed,not required for KEEP,historical snapshots retained,none,none,none,,,,,,KEEP_ACTIVE_RUNTIME,Spring component scan from NexusQuantApplication reaches this annotated type,Token scan across main/test/config/scripts; annotation and application component-scan review
L-057,backend/nq-infra/src/main/java/com/guidinglight/nexusquant/research/infra/paper/jdbc/JdbcPaperRunScheduleFireRepository.java,JdbcPaperRunScheduleFireRepository,Java,zero direct name reference candidate,Spring component scan,0 observed,Spring component scan,not required for KEEP,Repository,0 observed,not required for KEEP,historical snapshots retained,none,none,none,,,,,,KEEP_ACTIVE_RUNTIME,Spring component scan from NexusQuantApplication reaches this annotated type,Token scan across main/test/config/scripts; annotation and application component-scan review
L-058,backend/nq-infra/src/main/java/com/guidinglight/nexusquant/research/infra/paper/jdbc/JdbcPaperRunScheduleRepository.java,JdbcPaperRunScheduleRepository,Java,zero direct name reference candidate,Spring component scan,0 observed,Spring component scan,not required for KEEP,Repository,0 observed,not required for KEEP,historical snapshots retained,none,none,none,,,,,,KEEP_ACTIVE_RUNTIME,Spring component scan from NexusQuantApplication reaches this annotated type,Token scan across main/test/config/scripts; annotation and application component-scan review
L-059,backend/nq-infra/src/main/java/com/guidinglight/nexusquant/research/infra/paper/jdbc/JdbcPaperRunStabilityCheckRepository.java,JdbcPaperRunStabilityCheckRepository,Java,zero direct name reference candidate,Spring component scan,0 observed,Spring component scan,not required for KEEP,Repository,0 observed,not required for KEEP,historical snapshots retained,none,none,none,,,,,,KEEP_ACTIVE_RUNTIME,Spring component scan from NexusQuantApplication reaches this annotated type,Token scan across main/test/config/scripts; annotation and application component-scan review
L-060,backend/nq-infra/src/main/java/com/guidinglight/nexusquant/research/infra/paper/jdbc/JdbcPaperTradingPositionRepository.java,JdbcPaperTradingPositionRepository,Java,zero direct name reference candidate,Spring component scan,0 observed,Spring component scan,not required for KEEP,Repository,0 observed,not required for KEEP,historical snapshots retained,none,none,none,,,,,,KEEP_ACTIVE_RUNTIME,Spring component scan from NexusQuantApplication reaches this annotated type,Token scan across main/test/config/scripts; annotation and application component-scan review
L-061,backend/nq-infra/src/main/java/com/guidinglight/nexusquant/research/infra/paper/jdbc/JdbcPaperTradingRunRepository.java,JdbcPaperTradingRunRepository,Java,zero direct name reference candidate,Spring component scan,0 observed,Spring component scan,not required for KEEP,Repository,0 observed,not required for KEEP,historical snapshots retained,none,none,none,,,,,,KEEP_ACTIVE_RUNTIME,Spring component scan from NexusQuantApplication reaches this annotated type,Token scan across main/test/config/scripts; annotation and application component-scan review
L-062,backend/nq-infra/src/main/java/com/guidinglight/nexusquant/research/infra/paper/jdbc/JdbcPositionCurveSnapshotRepository.java,JdbcPositionCurveSnapshotRepository,Java,zero direct name reference candidate,Spring component scan,0 observed,Spring component scan,not required for KEEP,Repository,0 observed,not required for KEEP,historical snapshots retained,none,none,none,,,,,,KEEP_ACTIVE_RUNTIME,Spring component scan from NexusQuantApplication reaches this annotated type,Token scan across main/test/config/scripts; annotation and application component-scan review
L-063,backend/nq-infra/src/main/java/com/guidinglight/nexusquant/research/infra/paper/jdbc/JdbcTradeReplayRecordRepository.java,JdbcTradeReplayRecordRepository,Java,zero direct name reference candidate,Spring component scan,0 observed,Spring component scan,not required for KEEP,Repository,0 observed,not required for KEEP,historical snapshots retained,none,none,none,,,,,,KEEP_ACTIVE_RUNTIME,Spring component scan from NexusQuantApplication reaches this annotated type,Token scan across main/test/config/scripts; annotation and application component-scan review
L-064,backend/nq-infra/src/main/java/com/guidinglight/nexusquant/strategy/infra/jdbc/JdbcPaperShadowComparisonFactRepository.java,JdbcPaperShadowComparisonFactRepository,Java,zero direct name reference candidate,Spring component scan,0 observed,Spring component scan,not required for KEEP,Repository,0 observed,not required for KEEP,historical snapshots retained,none,none,none,,,,,,KEEP_ACTIVE_RUNTIME,Spring component scan from NexusQuantApplication reaches this annotated type,Token scan across main/test/config/scripts; annotation and application component-scan review
L-065,backend/nq-infra/src/main/java/com/guidinglight/nexusquant/strategy/infra/jdbc/JdbcStrategyEvaluationGateFactRepository.java,JdbcStrategyEvaluationGateFactRepository,Java,zero direct name reference candidate,Spring component scan,0 observed,Spring component scan,not required for KEEP,Repository,0 observed,not required for KEEP,historical snapshots retained,none,none,none,,,,,,KEEP_ACTIVE_RUNTIME,Spring component scan from NexusQuantApplication reaches this annotated type,Token scan across main/test/config/scripts; annotation and application component-scan review
L-066,backend/nq-infra/src/main/java/com/guidinglight/nexusquant/strategy/infra/jdbc/JdbcStrategyVersionRepository.java,JdbcStrategyVersionRepository,Java,zero direct name reference candidate,Spring component scan,0 observed,Spring component scan,not required for KEEP,Repository,0 observed,not required for KEEP,historical snapshots retained,none,none,none,,,,,,KEEP_ACTIVE_RUNTIME,Spring component scan from NexusQuantApplication reaches this annotated type,Token scan across main/test/config/scripts; annotation and application component-scan review
L-067,backend/nq-infra/src/main/java/com/guidinglight/nexusquant/trading/infra/config/TradingInfraConfiguration.java,TradingInfraConfiguration,Java,zero direct name reference candidate,Spring component scan,0 observed,Spring component scan,not required for KEEP,"Bean,Configuration",0 observed,not required for KEEP,historical snapshots retained,none,none,none,,,,,,KEEP_ACTIVE_RUNTIME,Spring component scan from NexusQuantApplication reaches this annotated type,Token scan across main/test/config/scripts; annotation and application component-scan review
L-068,backend/nq-infra/src/main/java/com/guidinglight/nexusquant/trading/infra/jdbc/JdbcOrderCancelFinalityRepository.java,JdbcOrderCancelFinalityRepository,Java,zero direct name reference candidate,Spring component scan,0 observed,Spring component scan,not required for KEEP,Repository,0 observed,not required for KEEP,historical snapshots retained,none,none,none,,,,,,KEEP_ACTIVE_RUNTIME,Spring component scan from NexusQuantApplication reaches this annotated type,Token scan across main/test/config/scripts; annotation and application component-scan review
L-069,backend/nq-infra/src/main/java/com/guidinglight/nexusquant/trading/infra/jdbc/JdbcOrdinaryPlaceAuthorityRepository.java,JdbcOrdinaryPlaceAuthorityRepository,Java,zero direct name reference candidate,Spring component scan,0 observed,Spring component scan,not required for KEEP,Repository,0 observed,not required for KEEP,historical snapshots retained,none,none,none,,,,,,KEEP_ACTIVE_RUNTIME,Spring component scan from NexusQuantApplication reaches this annotated type,Token scan across main/test/config/scripts; annotation and application component-scan review
L-070,backend/nq-scheduler/src/main/java/com/guidinglight/nexusquant/scheduler/integration/CoreOrderExecutionGateway.java,CoreOrderExecutionGateway,Java,zero direct name reference candidate,Spring component scan,0 observed,Spring component scan,not required for KEEP,Component,0 observed,not required for KEEP,historical snapshots retained,none,none,none,,,,,,KEEP_ACTIVE_RUNTIME,Spring component scan from NexusQuantApplication reaches this annotated type,Token scan across main/test/config/scripts; annotation and application component-scan review
L-071,backend/nq-adapter-api/src/main/java/com/guidinglight/nexusquant/adapter/api/service/compatibility/NoopAccountAdapter.java,NoopAccountAdapter,Java,named compatibility/safety/diagnostic candidate,"direct constructor, Spring profile, or test fixture",backend/nq-app/src/main/java/com/guidinglight/nexusquant/app/config/LocalTestFallbackConfiguration.java,LocalTestFallbackConfiguration constructs this local/test adapter; no real account provider is selected,not required for KEEP,not required for KEEP,backend/nq-app/src/test/java/com/guidinglight/nexusquant/app/architecture/ModuleBoundaryArchTest.java,not required for KEEP,historical snapshots retained,no-real/default-deny boundary,none,none,,,,,,KEEP_SAFETY_FALLBACK,LocalTestFallbackConfiguration constructs this local/test adapter; no real account provider is selected,Current source/config/test consumer scan and targeted Spring/architecture tests
L-072,backend/nq-adapter-api/src/main/java/com/guidinglight/nexusquant/adapter/api/service/compatibility/NoopMarketDataAdapter.java,NoopMarketDataAdapter,Java,named compatibility/safety/diagnostic candidate,"direct constructor, Spring profile, or test fixture",backend/nq-app/src/main/java/com/guidinglight/nexusquant/app/config/LocalTestFallbackConfiguration.java,LocalTestFallbackConfiguration wraps this adapter in readiness guard; subscriptions fail closed,not required for KEEP,not required for KEEP,backend/nq-adapter-api/src/test/java/com/guidinglight/nexusquant/adapter/api/service/NoopMarketDataAdapterTest.java|backend/nq-app/src/test/java/com/guidinglight/nexusquant/app/architecture/ModuleBoundaryArchTest.java,not required for KEEP,historical snapshots retained,no-real/default-deny boundary,none,none,,,,,,KEEP_SAFETY_FALLBACK,LocalTestFallbackConfiguration wraps this adapter in readiness guard; subscriptions fail closed,Current source/config/test consumer scan and targeted Spring/architecture tests
L-073,backend/nq-adapter-api/src/main/java/com/guidinglight/nexusquant/adapter/api/publicmarketdata/transport/DisabledPublicMarketDataOutboundClient.java,DisabledPublicMarketDataOutboundClient,Java,named compatibility/safety/diagnostic candidate,"direct constructor, Spring profile, or test fixture",backend/nq-app/src/main/java/com/guidinglight/nexusquant/app/config/PublicMarketDataOutboundConfiguration.java,PublicMarketDataOutboundConfiguration selects no-outbound client when provider is disabled,not required for KEEP,not required for KEEP,backend/nq-adapter-api/src/test/java/com/guidinglight/nexusquant/adapter/api/publicmarketdata/PublicMarketDataOutboundPolicyTest.java|backend/nq-app/src/test/java/com/guidinglight/nexusquant/app/config/PublicMarketDataOutboundConfigurationTest.java,not required for KEEP,historical snapshots retained,no-real/default-deny boundary,none,none,,,,,,KEEP_SAFETY_FALLBACK,PublicMarketDataOutboundConfiguration selects no-outbound client when provider is disabled,Current source/config/test consumer scan and targeted Spring/architecture tests
L-074,backend/nq-adapter-okx/src/main/java/com/guidinglight/nexusquant/adapter/okx/config/OkxBootstrapFallbackFactory.java,OkxBootstrapFallbackFactory,Java,named compatibility/safety/diagnostic candidate,"direct constructor, Spring profile, or test fixture",backend/nq-app/src/main/java/com/guidinglight/nexusquant/app/config/ExchangeAdapterConfiguration.java,ExchangeAdapterConfiguration uses this bounded bootstrap fallback,not required for KEEP,not required for KEEP,0 observed,not required for KEEP,historical snapshots retained,no-real/default-deny boundary,none,none,,,,,,KEEP_SAFETY_FALLBACK,ExchangeAdapterConfiguration uses this bounded bootstrap fallback,Current source/config/test consumer scan and targeted Spring/architecture tests
L-075,backend/nq-infra/src/main/java/com/guidinglight/nexusquant/account/infra/jdbc/CanonicalLegacyAccountBridgeService.java,CanonicalLegacyAccountBridgeService,Java,named compatibility/safety/diagnostic candidate,"direct constructor, Spring profile, or test fixture",backend/nq-app/src/main/java/com/guidinglight/nexusquant/app/config/livecontrol/MinimalLivePilotConfiguration.java|backend/nq-infra/src/main/java/com/guidinglight/nexusquant/livecontrol/infra/MinimalLivePilotControlService.java,MinimalLivePilotConfiguration and MinimalLivePilotControlService consume the legacy account bridge,not required for KEEP,not required for KEEP,backend/nq-app/src/test/java/com/guidinglight/nexusquant/app/livecontrol/OperatorPilotAuthorityPostgresIntegrationTest.java|backend/nq-infra/src/test/java/com/guidinglight/nexusquant/livecontrol/infra/MinimalLivePilotControlServiceTest.java,not required for KEEP,historical snapshots retained,none,active legacy schema bridge,none,,,,,,KEEP_ACTIVE_COMPATIBILITY,MinimalLivePilotConfiguration and MinimalLivePilotControlService consume the legacy account bridge,Current source/config/test consumer scan and targeted Spring/architecture tests
L-076,backend/nq-api/src/main/java/com/guidinglight/nexusquant/runtime/api/FakeDryRunOperationsService.java,FakeDryRunOperationsService,Java,named compatibility/safety/diagnostic candidate,"direct constructor, Spring profile, or test fixture",backend/nq-api/src/main/java/com/guidinglight/nexusquant/runtime/api/web/OperationalReadinessController.java,OperationalReadinessController consumes the diagnostic dry-run service,not required for KEEP,not required for KEEP,0 observed,not required for KEEP,historical snapshots retained,none,none,none,,,,,,KEEP_ACTIVE_RUNTIME,OperationalReadinessController consumes the diagnostic dry-run service,Current source/config/test consumer scan and targeted Spring/architecture tests
L-077,backend/nq-infra/src/main/java/com/guidinglight/nexusquant/livecontrol/execution/infra/fake/LoopbackFakeExchangeHttpClient.java,LoopbackFakeExchangeHttpClient,Java,named compatibility/safety/diagnostic candidate,"direct constructor, Spring profile, or test fixture",0 observed,Dedicated test exercises the fake exchange boundary without real outbound,not required for KEEP,not required for KEEP,backend/nq-infra/src/test/java/com/guidinglight/nexusquant/livecontrol/execution/infra/fake/LoopbackFakeExchangeHttpClientTest.java,not required for KEEP,historical snapshots retained,none,none,formal process or isolated fake proof,,,,,,KEEP_FORMAL_QUALIFICATION_SUPPORT,Dedicated test exercises the fake exchange boundary without real outbound,Current source/config/test consumer scan and targeted Spring/architecture tests
L-078,backend/nq-app/src/main/java/com/guidinglight/nexusquant/app/config/LocalTestFallbackConfiguration.java,LocalTestFallbackConfiguration,Java,named compatibility/safety/diagnostic candidate,"direct constructor, Spring profile, or test fixture",0 observed,@Profile local/test supplies guarded no-real adapter and snapshot beans,not required for KEEP,not required for KEEP,backend/nq-app/src/test/java/com/guidinglight/nexusquant/app/architecture/ModuleBoundaryArchTest.java|backend/nq-app/src/test/java/com/guidinglight/nexusquant/app/config/LocalTestFallbackConfigurationReadinessTest.java,not required for KEEP,historical snapshots retained,no-real/default-deny boundary,none,none,,,,,,KEEP_SAFETY_FALLBACK,@Profile local/test supplies guarded no-real adapter and snapshot beans,Current source/config/test consumer scan and targeted Spring/architecture tests
L-079,backend/nq-scheduler/src/main/java/com/guidinglight/nexusquant/scheduler/integration/PaperTradingAdapter.java,PaperTradingAdapter,Java,named compatibility/safety/diagnostic candidate,"direct constructor, Spring profile, or test fixture",backend/nq-app/src/main/java/com/guidinglight/nexusquant/app/config/LocalTestFallbackConfiguration.java,Local/test profile explicitly provides paper adapter,not required for KEEP,not required for KEEP,backend/nq-app/src/test/java/com/guidinglight/nexusquant/app/architecture/ModuleBoundaryArchTest.java|backend/nq-scheduler/src/test/java/com/guidinglight/nexusquant/scheduler/service/PaperMatchingServiceTest.java,not required for KEEP,historical snapshots retained,no-real/default-deny boundary,none,none,,,,,,KEEP_SAFETY_FALLBACK,Local/test profile explicitly provides paper adapter,Current source/config/test consumer scan and targeted Spring/architecture tests
L-080,backend/nq-app/src/test/java/com/guidinglight/nexusquant/app/smoke/B4LegacyClasspath.java,B4LegacyClasspath,Java,named compatibility/safety/diagnostic candidate,"direct constructor, Spring profile, or test fixture",0 observed,Historical process test support preserves reproducible classpath fixture,not required for KEEP,not required for KEEP,backend/nq-app/src/test/java/com/guidinglight/nexusquant/app/smoke/B4TradeEventRemediationTest.java|backend/nq-app/src/test/java/com/guidinglight/nexusquant/app/smoke/L6ConvergenceBaseline.java,not required for KEEP,historical snapshots retained,none,none,formal process or isolated fake proof,,,,,,KEEP_FORMAL_QUALIFICATION_SUPPORT,Historical process test support preserves reproducible classpath fixture,Current source/config/test consumer scan and targeted Spring/architecture tests
L-081,backend/nq-core/src/test/java/com/guidinglight/nexusquant/strategyrelease/preparation/SensitiveFieldPolicyPrototypeTest.java,SensitiveFieldPolicyPrototypeTest,Java test,prototype executable specification or fixture,test scope only,0 observed,not required for KEEP,not required for KEEP,not required for KEEP,0 observed,not required for KEEP,historical snapshots retained,none,none,test regression and historical executable specification,StrategyReleaseArtifactConfiguration,StrategyReleaseArtifactConfigurationTest,not proven zero; retained,prototype executable specification retained,Surefire *Test name,KEEP_ACTIVE_TEST_SUPPORT,Prototype assertions/fixtures still compile under Surefire; complete unique-behavior subsumption by StrategyReleaseArtifactConfigurationTest is not proven. Direct assertion calls=5,Surefire *Test discovery and nq-core test suite; canonical counterpart inspected
L-082,backend/nq-core/src/test/java/com/guidinglight/nexusquant/strategyrelease/preparation/ShadowRunAdmissionPrototype.java,ShadowRunAdmissionPrototype,Java test,prototype executable specification or fixture,test scope only,0 observed,not required for KEEP,not required for KEEP,not required for KEEP,backend/nq-core/src/test/java/com/guidinglight/nexusquant/strategyrelease/preparation/StrategyReleaseToShadowAdmissionPrototypeTest.java|backend/nq-core/src/test/java/com/guidinglight/nexusquant/strategyrelease/preparation/StrategyReleaseToShadowAdmissionServicePrototype.java,not required for KEEP,historical snapshots retained,none,none,test regression and historical executable specification,StrategyReleaseProductionService,StrategyReleaseProductionServiceTest,not proven zero; retained,prototype executable specification retained,test fixture dependency,KEEP_ACTIVE_TEST_SUPPORT,Prototype assertions/fixtures still compile under Surefire; complete unique-behavior subsumption by StrategyReleaseProductionServiceTest is not proven. Direct assertion calls=0,Surefire *Test discovery and nq-core test suite; canonical counterpart inspected
L-083,backend/nq-core/src/test/java/com/guidinglight/nexusquant/strategyrelease/preparation/ShadowRunCreationPlanPrototype.java,ShadowRunCreationPlanPrototype,Java test,prototype executable specification or fixture,test scope only,0 observed,not required for KEEP,not required for KEEP,not required for KEEP,backend/nq-core/src/test/java/com/guidinglight/nexusquant/strategyrelease/preparation/ShadowRunAdmissionPrototype.java|backend/nq-core/src/test/java/com/guidinglight/nexusquant/strategyrelease/preparation/StrategyReleaseToShadowAdmissionPrototypeTest.java|backend/nq-core/src/test/java/com/guidinglight/nexusquant/strategyrelease/preparation/StrategyReleaseToShadowAdmissionServicePrototype.java,not required for KEEP,historical snapshots retained,none,none,test regression and historical executable specification,StrategyReleaseProductionService,StrategyReleaseProductionServiceTest,not proven zero; retained,prototype executable specification retained,test fixture dependency,KEEP_ACTIVE_TEST_SUPPORT,Prototype assertions/fixtures still compile under Surefire; complete unique-behavior subsumption by StrategyReleaseProductionServiceTest is not proven. Direct assertion calls=0,Surefire *Test discovery and nq-core test suite; canonical counterpart inspected
L-084,backend/nq-core/src/test/java/com/guidinglight/nexusquant/strategyrelease/preparation/ShadowRunReleaseBindingPrototype.java,ShadowRunReleaseBindingPrototype,Java test,prototype executable specification or fixture,test scope only,0 observed,not required for KEEP,not required for KEEP,not required for KEEP,backend/nq-core/src/test/java/com/guidinglight/nexusquant/strategyrelease/preparation/ShadowRunReleaseBindingPrototypeTest.java|backend/nq-core/src/test/java/com/guidinglight/nexusquant/strategyrelease/preparation/StrategyReleaseToShadowAdmissionPrototypeTest.java|backend/nq-core/src/test/java/com/guidinglight/nexusquant/strategyrelease/preparation/StrategyReleaseToShadowAdmissionServicePrototype.java,not required for KEEP,historical snapshots retained,none,none,test regression and historical executable specification,ShadowRunReleaseBindingMode,ShadowRunReleaseBindingModeTest,not proven zero; retained,prototype executable specification retained,test fixture dependency,KEEP_ACTIVE_TEST_SUPPORT,Prototype assertions/fixtures still compile under Surefire; complete unique-behavior subsumption by ShadowRunReleaseBindingModeTest is not proven. Direct assertion calls=0,Surefire *Test discovery and nq-core test suite; canonical counterpart inspected
L-085,backend/nq-core/src/test/java/com/guidinglight/nexusquant/strategyrelease/preparation/ShadowRunReleaseBindingPrototypeTest.java,ShadowRunReleaseBindingPrototypeTest,Java test,prototype executable specification or fixture,test scope only,0 observed,not required for KEEP,not required for KEEP,not required for KEEP,0 observed,not required for KEEP,historical snapshots retained,none,none,test regression and historical executable specification,ShadowRunReleaseBindingMode,ShadowRunReleaseBindingModeTest,not proven zero; retained,prototype executable specification retained,Surefire *Test name,KEEP_ACTIVE_TEST_SUPPORT,Prototype assertions/fixtures still compile under Surefire; complete unique-behavior subsumption by ShadowRunReleaseBindingModeTest is not proven. Direct assertion calls=26,Surefire *Test discovery and nq-core test suite; canonical counterpart inspected
L-086,backend/nq-core/src/test/java/com/guidinglight/nexusquant/strategyrelease/preparation/StrategyReleaseAggregateIdempotencyPrototypeTest.java,StrategyReleaseAggregateIdempotencyPrototypeTest,Java test,prototype executable specification or fixture,test scope only,0 observed,not required for KEEP,not required for KEEP,not required for KEEP,0 observed,not required for KEEP,historical snapshots retained,none,none,test regression and historical executable specification,StrategyReleaseProductionService,StrategyReleaseProductionServiceTest,not proven zero; retained,prototype executable specification retained,Surefire *Test name,KEEP_ACTIVE_TEST_SUPPORT,Prototype assertions/fixtures still compile under Surefire; complete unique-behavior subsumption by StrategyReleaseProductionServiceTest is not proven. Direct assertion calls=117,Surefire *Test discovery and nq-core test suite; canonical counterpart inspected
L-087,backend/nq-core/src/test/java/com/guidinglight/nexusquant/strategyrelease/preparation/StrategyReleaseAggregatePrototype.java,StrategyReleaseAggregatePrototype,Java test,prototype executable specification or fixture,test scope only,0 observed,not required for KEEP,not required for KEEP,not required for KEEP,backend/nq-core/src/test/java/com/guidinglight/nexusquant/strategyrelease/preparation/StrategyReleaseAggregateIdempotencyPrototypeTest.java|backend/nq-core/src/test/java/com/guidinglight/nexusquant/strategyrelease/preparation/StrategyReleaseRepositoryPrototype.java|backend/nq-core/src/test/java/com/guidinglight/nexusquant/strategyrelease/preparation/StrategyReleaseServicePrototype.java|backend/nq-core/src/test/java/com/guidinglight/nexusquant/strategyrelease/preparation/StrategyReleaseToShadowAdmissionPrototypeTest.java|backend/nq-core/src/test/java/com/guidinglight/nexusquant/strategyrelease/preparation/StrategyReleaseToShadowAdmissionServicePrototype.java,not required for KEEP,historical snapshots retained,none,none,test regression and historical executable specification,StrategyReleaseProductionService,StrategyReleaseProductionServiceTest,not proven zero; retained,prototype executable specification retained,test fixture dependency,KEEP_ACTIVE_TEST_SUPPORT,Prototype assertions/fixtures still compile under Surefire; complete unique-behavior subsumption by StrategyReleaseProductionServiceTest is not proven. Direct assertion calls=0,Surefire *Test discovery and nq-core test suite; canonical counterpart inspected
L-088,backend/nq-core/src/test/java/com/guidinglight/nexusquant/strategyrelease/preparation/StrategyReleaseLifecyclePrototypeTest.java,StrategyReleaseLifecyclePrototypeTest,Java test,prototype executable specification or fixture,test scope only,0 observed,not required for KEEP,not required for KEEP,not required for KEEP,0 observed,not required for KEEP,historical snapshots retained,none,none,test regression and historical executable specification,StrategyReleaseProductionService,StrategyReleaseProductionServiceTest,not proven zero; retained,prototype executable specification retained,Surefire *Test name,KEEP_ACTIVE_TEST_SUPPORT,Prototype assertions/fixtures still compile under Surefire; complete unique-behavior subsumption by StrategyReleaseProductionServiceTest is not proven. Direct assertion calls=34,Surefire *Test discovery and nq-core test suite; canonical counterpart inspected
L-089,backend/nq-core/src/test/java/com/guidinglight/nexusquant/strategyrelease/preparation/StrategyReleaseManifestPrototypeTest.java,StrategyReleaseManifestPrototypeTest,Java test,prototype executable specification or fixture,test scope only,0 observed,not required for KEEP,not required for KEEP,not required for KEEP,0 observed,not required for KEEP,historical snapshots retained,none,none,test regression and historical executable specification,StrategyReleaseManifestFingerprinter,StrategyReleaseManifestFingerprinterTest,not proven zero; retained,prototype executable specification retained,Surefire *Test name,KEEP_ACTIVE_TEST_SUPPORT,Prototype assertions/fixtures still compile under Surefire; complete unique-behavior subsumption by StrategyReleaseManifestFingerprinterTest is not proven. Direct assertion calls=17,Surefire *Test discovery and nq-core test suite; canonical counterpart inspected
L-090,backend/nq-core/src/test/java/com/guidinglight/nexusquant/strategyrelease/preparation/StrategyReleaseRepositoryPrototype.java,StrategyReleaseRepositoryPrototype,Java test,prototype executable specification or fixture,test scope only,0 observed,not required for KEEP,not required for KEEP,not required for KEEP,backend/nq-core/src/test/java/com/guidinglight/nexusquant/strategyrelease/preparation/StrategyReleaseAggregateIdempotencyPrototypeTest.java|backend/nq-core/src/test/java/com/guidinglight/nexusquant/strategyrelease/preparation/StrategyReleaseServicePrototype.java,not required for KEEP,historical snapshots retained,none,none,test regression and historical executable specification,StrategyReleaseProductionService,StrategyReleaseProductionServiceTest,not proven zero; retained,prototype executable specification retained,test fixture dependency,KEEP_ACTIVE_TEST_SUPPORT,Prototype assertions/fixtures still compile under Surefire; complete unique-behavior subsumption by StrategyReleaseProductionServiceTest is not proven. Direct assertion calls=0,Surefire *Test discovery and nq-core test suite; canonical counterpart inspected
L-091,backend/nq-core/src/test/java/com/guidinglight/nexusquant/strategyrelease/preparation/StrategyReleaseServicePrototype.java,StrategyReleaseServicePrototype,Java test,prototype executable specification or fixture,test scope only,0 observed,not required for KEEP,not required for KEEP,not required for KEEP,backend/nq-core/src/test/java/com/guidinglight/nexusquant/strategyrelease/preparation/StrategyReleaseAggregateIdempotencyPrototypeTest.java|backend/nq-core/src/test/java/com/guidinglight/nexusquant/strategyrelease/preparation/StrategyReleaseToShadowAdmissionServicePrototype.java,not required for KEEP,historical snapshots retained,none,none,test regression and historical executable specification,StrategyReleaseProductionService,StrategyReleaseProductionServiceTest,not proven zero; retained,prototype executable specification retained,test fixture dependency,KEEP_ACTIVE_TEST_SUPPORT,Prototype assertions/fixtures still compile under Surefire; complete unique-behavior subsumption by StrategyReleaseProductionServiceTest is not proven. Direct assertion calls=1,Surefire *Test discovery and nq-core test suite; canonical counterpart inspected
L-092,backend/nq-core/src/test/java/com/guidinglight/nexusquant/strategyrelease/preparation/StrategyReleaseToShadowAdmissionPrototypeTest.java,StrategyReleaseToShadowAdmissionPrototypeTest,Java test,prototype executable specification or fixture,test scope only,0 observed,not required for KEEP,not required for KEEP,not required for KEEP,0 observed,not required for KEEP,historical snapshots retained,none,none,test regression and historical executable specification,StrategyReleaseShadowRunMaterializationService,StrategyReleaseShadowRunMaterializationServiceTest,not proven zero; retained,prototype executable specification retained,Surefire *Test name,KEEP_ACTIVE_TEST_SUPPORT,Prototype assertions/fixtures still compile under Surefire; complete unique-behavior subsumption by StrategyReleaseShadowRunMaterializationServiceTest is not proven. Direct assertion calls=71,Surefire *Test discovery and nq-core test suite; canonical counterpart inspected
L-093,backend/nq-core/src/test/java/com/guidinglight/nexusquant/strategyrelease/preparation/StrategyReleaseToShadowAdmissionServicePrototype.java,StrategyReleaseToShadowAdmissionServicePrototype,Java test,prototype executable specification or fixture,test scope only,0 observed,not required for KEEP,not required for KEEP,not required for KEEP,backend/nq-core/src/test/java/com/guidinglight/nexusquant/strategyrelease/preparation/StrategyReleaseToShadowAdmissionPrototypeTest.java,not required for KEEP,historical snapshots retained,none,none,test regression and historical executable specification,StrategyReleaseShadowRunMaterializationService,StrategyReleaseShadowRunMaterializationServiceTest,not proven zero; retained,prototype executable specification retained,test fixture dependency,KEEP_ACTIVE_TEST_SUPPORT,Prototype assertions/fixtures still compile under Surefire; complete unique-behavior subsumption by StrategyReleaseShadowRunMaterializationServiceTest is not proven. Direct assertion calls=0,Surefire *Test discovery and nq-core test suite; canonical counterpart inspected
L-094,backend/nq-core/src/test/java/com/guidinglight/nexusquant/strategyrelease/preparation/TrustedRootArtifactVerifierPrototype.java,TrustedRootArtifactVerifierPrototype,Java test,prototype executable specification or fixture,test scope only,0 observed,not required for KEEP,not required for KEEP,not required for KEEP,backend/nq-core/src/test/java/com/guidinglight/nexusquant/strategyrelease/preparation/StrategyReleaseAggregateIdempotencyPrototypeTest.java|backend/nq-core/src/test/java/com/guidinglight/nexusquant/strategyrelease/preparation/StrategyReleaseServicePrototype.java|backend/nq-core/src/test/java/com/guidinglight/nexusquant/strategyrelease/preparation/StrategyReleaseToShadowAdmissionPrototypeTest.java|backend/nq-core/src/test/java/com/guidinglight/nexusquant/strategyrelease/preparation/TrustedRootArtifactVerifierPrototypeTest.java,not required for KEEP,historical snapshots retained,none,none,test regression and historical executable specification,TrustedRootStrategyArtifactVerifier,TrustedRootStrategyArtifactVerifierTest,not proven zero; retained,prototype executable specification retained,test fixture dependency,KEEP_ACTIVE_TEST_SUPPORT,Prototype assertions/fixtures still compile under Surefire; complete unique-behavior subsumption by TrustedRootStrategyArtifactVerifierTest is not proven. Direct assertion calls=1,Surefire *Test discovery and nq-core test suite; canonical counterpart inspected
L-095,backend/nq-core/src/test/java/com/guidinglight/nexusquant/strategyrelease/preparation/TrustedRootArtifactVerifierPrototypeTest.java,TrustedRootArtifactVerifierPrototypeTest,Java test,prototype executable specification or fixture,test scope only,0 observed,not required for KEEP,not required for KEEP,not required for KEEP,0 observed,not required for KEEP,historical snapshots retained,none,none,test regression and historical executable specification,TrustedRootStrategyArtifactVerifier,TrustedRootStrategyArtifactVerifierTest,not proven zero; retained,prototype executable specification retained,Surefire *Test name,KEEP_ACTIVE_TEST_SUPPORT,Prototype assertions/fixtures still compile under Surefire; complete unique-behavior subsumption by TrustedRootStrategyArtifactVerifierTest is not proven. Direct assertion calls=66,Surefire *Test discovery and nq-core test suite; canonical counterpart inspected
L-096,frontend/src/components/nq/index.ts,NqMetricTone,TypeScript,barrel export,no barrel consumer,0 observed in current frontend source/test outside owner,0 observed in current routes or imports,not applicable to frontend module,0 observed in current frontend configuration,0 observed in current frontend tests,0 observed in current frontend scripts,historical snapshots retained,none,none,none,,,,,,REMOVE_DEAD,No current source/test import or dynamic route consumer of this barrel symbol; owner implementation retained where locally used,"Full frontend source/test symbol scan; TypeScript, unit tests, and Vite build"
L-097,frontend/src/components/nq/index.ts,RuntimeGuardBannerVariant,TypeScript,barrel export,no barrel consumer,0 observed in current frontend source/test outside owner,0 observed in current routes or imports,not applicable to frontend module,0 observed in current frontend configuration,0 observed in current frontend tests,0 observed in current frontend scripts,historical snapshots retained,none,none,none,,,,,,REMOVE_DEAD,No current source/test import or dynamic route consumer of this barrel symbol; owner implementation retained where locally used,"Full frontend source/test symbol scan; TypeScript, unit tests, and Vite build"
L-098,frontend/src/nq-design-system/index.ts,statusToneOf,TypeScript,barrel export,no barrel consumer,0 observed in current frontend source/test outside owner,0 observed in current routes or imports,not applicable to frontend module,0 observed in current frontend configuration,0 observed in current frontend tests,0 observed in current frontend scripts,historical snapshots retained,none,none,none,,,,,,REMOVE_DEAD,No current source/test import or dynamic route consumer of this barrel symbol; owner implementation retained where locally used,"Full frontend source/test symbol scan; TypeScript, unit tests, and Vite build"
L-099,frontend/src/nq-design-system/index.ts,StatusTagProps,TypeScript,barrel export,no barrel consumer,0 observed in current frontend source/test outside owner,0 observed in current routes or imports,not applicable to frontend module,0 observed in current frontend configuration,0 observed in current frontend tests,0 observed in current frontend scripts,historical snapshots retained,none,none,none,,,,,,REMOVE_DEAD,No current source/test import or dynamic route consumer of this barrel symbol; owner implementation retained where locally used,"Full frontend source/test symbol scan; TypeScript, unit tests, and Vite build"
L-100,frontend/src/nq-design-system/index.ts,EnvironmentBadgeProps,TypeScript,barrel export,no barrel consumer,0 observed in current frontend source/test outside owner,0 observed in current routes or imports,not applicable to frontend module,0 observed in current frontend configuration,0 observed in current frontend tests,0 observed in current frontend scripts,historical snapshots retained,none,none,none,,,,,,REMOVE_DEAD,No current source/test import or dynamic route consumer of this barrel symbol; owner implementation retained where locally used,"Full frontend source/test symbol scan; TypeScript, unit tests, and Vite build"
L-101,frontend/src/nq-design-system/index.ts,RiskBannerProps,TypeScript,barrel export,no barrel consumer,0 observed in current frontend source/test outside owner,0 observed in current routes or imports,not applicable to frontend module,0 observed in current frontend configuration,0 observed in current frontend tests,0 observed in current frontend scripts,historical snapshots retained,none,none,none,,,,,,REMOVE_DEAD,No current source/test import or dynamic route consumer of this barrel symbol; owner implementation retained where locally used,"Full frontend source/test symbol scan; TypeScript, unit tests, and Vite build"
L-102,frontend/src/nq-design-system/index.ts,RiskSeverity,TypeScript,barrel export,no barrel consumer,0 observed in current frontend source/test outside owner,0 observed in current routes or imports,not applicable to frontend module,0 observed in current frontend configuration,0 observed in current frontend tests,0 observed in current frontend scripts,historical snapshots retained,none,none,none,,,,,,REMOVE_DEAD,No current source/test import or dynamic route consumer of this barrel symbol; owner implementation retained where locally used,"Full frontend source/test symbol scan; TypeScript, unit tests, and Vite build"
L-103,frontend/src/nq-design-system/index.ts,DataFreshnessProps,TypeScript,barrel export,no barrel consumer,0 observed in current frontend source/test outside owner,0 observed in current routes or imports,not applicable to frontend module,0 observed in current frontend configuration,0 observed in current frontend tests,0 observed in current frontend scripts,historical snapshots retained,none,none,none,,,,,,REMOVE_DEAD,No current source/test import or dynamic route consumer of this barrel symbol; owner implementation retained where locally used,"Full frontend source/test symbol scan; TypeScript, unit tests, and Vite build"
L-104,frontend/src/nq-design-system/index.ts,AppShellProps,TypeScript,barrel export,no barrel consumer,0 observed in current frontend source/test outside owner,0 observed in current routes or imports,not applicable to frontend module,0 observed in current frontend configuration,0 observed in current frontend tests,0 observed in current frontend scripts,historical snapshots retained,none,none,none,,,,,,REMOVE_DEAD,No current source/test import or dynamic route consumer of this barrel symbol; owner implementation retained where locally used,"Full frontend source/test symbol scan; TypeScript, unit tests, and Vite build"
L-105,frontend/src/nq-design-system/index.ts,isNqEmpty,TypeScript,barrel export,no barrel consumer,0 observed in current frontend source/test outside owner,0 observed in current routes or imports,not applicable to frontend module,0 observed in current frontend configuration,0 observed in current frontend tests,0 observed in current frontend scripts,historical snapshots retained,none,none,none,,,,,,REMOVE_DEAD,No current source/test import or dynamic route consumer of this barrel symbol; owner implementation retained where locally used,"Full frontend source/test symbol scan; TypeScript, unit tests, and Vite build"
L-106,frontend/src/nq-design-system/index.ts,NqDirection,TypeScript,barrel export,no barrel consumer,0 observed in current frontend source/test outside owner,0 observed in current routes or imports,not applicable to frontend module,0 observed in current frontend configuration,0 observed in current frontend tests,0 observed in current frontend scripts,historical snapshots retained,none,none,none,,,,,,REMOVE_DEAD,No current source/test import or dynamic route consumer of this barrel symbol; owner implementation retained where locally used,"Full frontend source/test symbol scan; TypeScript, unit tests, and Vite build"
L-107,frontend/src/nq-design-system/index.ts,PercentCellProps,TypeScript,barrel export,no barrel consumer,0 observed in current frontend source/test outside owner,0 observed in current routes or imports,not applicable to frontend module,0 observed in current frontend configuration,0 observed in current frontend tests,0 observed in current frontend scripts,historical snapshots retained,none,none,none,,,,,,REMOVE_DEAD,No current source/test import or dynamic route consumer of this barrel symbol; owner implementation retained where locally used,"Full frontend source/test symbol scan; TypeScript, unit tests, and Vite build"
L-108,frontend/src/nq-design-system/index.ts,ChangeCellProps,TypeScript,barrel export,no barrel consumer,0 observed in current frontend source/test outside owner,0 observed in current routes or imports,not applicable to frontend module,0 observed in current frontend configuration,0 observed in current frontend tests,0 observed in current frontend scripts,historical snapshots retained,none,none,none,,,,,,REMOVE_DEAD,No current source/test import or dynamic route consumer of this barrel symbol; owner implementation retained where locally used,"Full frontend source/test symbol scan; TypeScript, unit tests, and Vite build"
L-109,frontend/src/nq-design-system/index.ts,StatusCellProps,TypeScript,barrel export,no barrel consumer,0 observed in current frontend source/test outside owner,0 observed in current routes or imports,not applicable to frontend module,0 observed in current frontend configuration,0 observed in current frontend tests,0 observed in current frontend scripts,historical snapshots retained,none,none,none,,,,,,REMOVE_DEAD,No current source/test import or dynamic route consumer of this barrel symbol; owner implementation retained where locally used,"Full frontend source/test symbol scan; TypeScript, unit tests, and Vite build"
L-110,frontend/src/nq-design-system/index.ts,NQ_DEFAULT_TABLE_DENSITY,TypeScript,barrel export,no barrel consumer,0 observed in current frontend source/test outside owner,0 observed in current routes or imports,not applicable to frontend module,0 observed in current frontend configuration,0 observed in current frontend tests,0 observed in current frontend scripts,historical snapshots retained,none,none,none,,,,,,REMOVE_DEAD,No current source/test import or dynamic route consumer of this barrel symbol; owner implementation retained where locally used,"Full frontend source/test symbol scan; TypeScript, unit tests, and Vite build"
L-111,frontend/src/nq-design-system/index.ts,nqAntdTableCellPadding,TypeScript,barrel export,no barrel consumer,0 observed in current frontend source/test outside owner,0 observed in current routes or imports,not applicable to frontend module,0 observed in current frontend configuration,0 observed in current frontend tests,0 observed in current frontend scripts,historical snapshots retained,none,none,none,,,,,,REMOVE_DEAD,No current source/test import or dynamic route consumer of this barrel symbol; owner implementation retained where locally used,"Full frontend source/test symbol scan; TypeScript, unit tests, and Vite build"
L-112,frontend/src/nq-design-system/index.ts,NqTableDensityToken,TypeScript,barrel export,no barrel consumer,0 observed in current frontend source/test outside owner,0 observed in current routes or imports,not applicable to frontend module,0 observed in current frontend configuration,0 observed in current frontend tests,0 observed in current frontend scripts,historical snapshots retained,none,none,none,,,,,,REMOVE_DEAD,No current source/test import or dynamic route consumer of this barrel symbol; owner implementation retained where locally used,"Full frontend source/test symbol scan; TypeScript, unit tests, and Vite build"
L-113,frontend/src/api/evaluations.ts,EvaluationListRequest export modifier,TypeScript,unconsumed owner-file export,owner-local or no consumer,0 observed in current frontend source/test outside owner,0 observed in current routes or imports,not applicable to frontend module,0 observed in current frontend configuration,0 observed in current frontend tests,0 observed in current frontend scripts,historical snapshots retained,none,none,none,,,,,,REMOVE_DEAD,No current source/test module imports this declaration from its owner; local declaration retained if used internally,Whole frontend source/test symbol scan; noUnusedLocals; unit tests; TypeScript and Vite build
L-114,frontend/src/constants/filter-options.ts,STRATEGY_STATUS_OPTIONS export modifier,TypeScript,unconsumed owner-file export,owner-local or no consumer,0 observed in current frontend source/test outside owner,0 observed in current routes or imports,not applicable to frontend module,0 observed in current frontend configuration,0 observed in current frontend tests,0 observed in current frontend scripts,historical snapshots retained,none,none,none,,,,,,REMOVE_DEAD,No current source/test module imports this declaration from its owner; local declaration retained if used internally,Whole frontend source/test symbol scan; noUnusedLocals; unit tests; TypeScript and Vite build
L-115,frontend/src/errors/catalog.ts,ErrorCatalogEntry export modifier,TypeScript,unconsumed owner-file export,owner-local or no consumer,0 observed in current frontend source/test outside owner,0 observed in current routes or imports,not applicable to frontend module,0 observed in current frontend configuration,0 observed in current frontend tests,0 observed in current frontend scripts,historical snapshots retained,none,none,none,,,,,,REMOVE_DEAD,No current source/test module imports this declaration from its owner; local declaration retained if used internally,Whole frontend source/test symbol scan; noUnusedLocals; unit tests; TypeScript and Vite build
L-116,frontend/src/hooks/useLiveQuery.ts,LiveStatus export modifier,TypeScript,unconsumed owner-file export,owner-local or no consumer,0 observed in current frontend source/test outside owner,0 observed in current routes or imports,not applicable to frontend module,0 observed in current frontend configuration,0 observed in current frontend tests,0 observed in current frontend scripts,historical snapshots retained,none,none,none,,,,,,REMOVE_DEAD,No current source/test module imports this declaration from its owner; local declaration retained if used internally,Whole frontend source/test symbol scan; noUnusedLocals; unit tests; TypeScript and Vite build
L-117,frontend/src/hooks/useLiveQuery.ts,UseLiveQueryOptions export modifier,TypeScript,unconsumed owner-file export,owner-local or no consumer,0 observed in current frontend source/test outside owner,0 observed in current routes or imports,not applicable to frontend module,0 observed in current frontend configuration,0 observed in current frontend tests,0 observed in current frontend scripts,historical snapshots retained,none,none,none,,,,,,REMOVE_DEAD,No current source/test module imports this declaration from its owner; local declaration retained if used internally,Whole frontend source/test symbol scan; noUnusedLocals; unit tests; TypeScript and Vite build
L-118,frontend/src/hooks/useLiveQuery.ts,UseLiveQueryResult export modifier,TypeScript,unconsumed owner-file export,owner-local or no consumer,0 observed in current frontend source/test outside owner,0 observed in current routes or imports,not applicable to frontend module,0 observed in current frontend configuration,0 observed in current frontend tests,0 observed in current frontend scripts,historical snapshots retained,none,none,none,,,,,,REMOVE_DEAD,No current source/test module imports this declaration from its owner; local declaration retained if used internally,Whole frontend source/test symbol scan; noUnusedLocals; unit tests; TypeScript and Vite build
L-119,frontend/src/hooks/useLiveQuery.ts,liveStatusToFreshness export modifier,TypeScript,unconsumed owner-file export,owner-local or no consumer,0 observed in current frontend source/test outside owner,0 observed in current routes or imports,not applicable to frontend module,0 observed in current frontend configuration,0 observed in current frontend tests,0 observed in current frontend scripts,historical snapshots retained,none,none,none,,,,,,REMOVE_DEAD,No current source/test module imports this declaration from its owner; local declaration retained if used internally,Whole frontend source/test symbol scan; noUnusedLocals; unit tests; TypeScript and Vite build
L-120,frontend/src/i18n/index.ts,LOCALE_STORAGE_KEY export modifier,TypeScript,unconsumed owner-file export,owner-local or no consumer,0 observed in current frontend source/test outside owner,0 observed in current routes or imports,not applicable to frontend module,0 observed in current frontend configuration,0 observed in current frontend tests,0 observed in current frontend scripts,historical snapshots retained,none,none,none,,,,,,REMOVE_DEAD,No current source/test module imports this declaration from its owner; local declaration retained if used internally,Whole frontend source/test symbol scan; noUnusedLocals; unit tests; TypeScript and Vite build
L-121,frontend/src/types/api.ts,ApiErrorResponse export modifier,TypeScript,unconsumed owner-file export,owner-local or no consumer,0 observed in current frontend source/test outside owner,0 observed in current routes or imports,not applicable to frontend module,0 observed in current frontend configuration,0 observed in current frontend tests,0 observed in current frontend scripts,historical snapshots retained,none,none,none,,,,,,REMOVE_DEAD,No current source/test module imports this declaration from its owner; local declaration retained if used internally,Whole frontend source/test symbol scan; noUnusedLocals; unit tests; TypeScript and Vite build
L-122,frontend/src/types/marketdata.ts,MarketdataQualityOverviewScope export modifier,TypeScript,unconsumed owner-file export,owner-local or no consumer,0 observed in current frontend source/test outside owner,0 observed in current routes or imports,not applicable to frontend module,0 observed in current frontend configuration,0 observed in current frontend tests,0 observed in current frontend scripts,historical snapshots retained,none,none,none,,,,,,REMOVE_DEAD,No current source/test module imports this declaration from its owner; local declaration retained if used internally,Whole frontend source/test symbol scan; noUnusedLocals; unit tests; TypeScript and Vite build
L-123,frontend/src/types/marketdata.ts,MarketdataQualityDataOriginSummary export modifier,TypeScript,unconsumed owner-file export,owner-local or no consumer,0 observed in current frontend source/test outside owner,0 observed in current routes or imports,not applicable to frontend module,0 observed in current frontend configuration,0 observed in current frontend tests,0 observed in current frontend scripts,historical snapshots retained,none,none,none,,,,,,REMOVE_DEAD,No current source/test module imports this declaration from its owner; local declaration retained if used internally,Whole frontend source/test symbol scan; noUnusedLocals; unit tests; TypeScript and Vite build
L-124,frontend/src/types/marketdata.ts,MarketdataQualityDatasetCoverageSummary export modifier,TypeScript,unconsumed owner-file export,owner-local or no consumer,0 observed in current frontend source/test outside owner,0 observed in current routes or imports,not applicable to frontend module,0 observed in current frontend configuration,0 observed in current frontend tests,0 observed in current frontend scripts,historical snapshots retained,none,none,none,,,,,,REMOVE_DEAD,No current source/test module imports this declaration from its owner; local declaration retained if used internally,Whole frontend source/test symbol scan; noUnusedLocals; unit tests; TypeScript and Vite build
L-125,frontend/src/types/marketdata.ts,MarketdataQualityStatusSummary export modifier,TypeScript,unconsumed owner-file export,owner-local or no consumer,0 observed in current frontend source/test outside owner,0 observed in current routes or imports,not applicable to frontend module,0 observed in current frontend configuration,0 observed in current frontend tests,0 observed in current frontend scripts,historical snapshots retained,none,none,none,,,,,,REMOVE_DEAD,No current source/test module imports this declaration from its owner; local declaration retained if used internally,Whole frontend source/test symbol scan; noUnusedLocals; unit tests; TypeScript and Vite build
L-126,frontend/src/types/marketdata.ts,MarketdataReadinessStatus export modifier,TypeScript,unconsumed owner-file export,owner-local or no consumer,0 observed in current frontend source/test outside owner,0 observed in current routes or imports,not applicable to frontend module,0 observed in current frontend configuration,0 observed in current frontend tests,0 observed in current frontend scripts,historical snapshots retained,none,none,none,,,,,,REMOVE_DEAD,No current source/test module imports this declaration from its owner; local declaration retained if used internally,Whole frontend source/test symbol scan; noUnusedLocals; unit tests; TypeScript and Vite build
L-127,frontend/src/types/marketdata.ts,MarketdataReadinessSourceStatus export modifier,TypeScript,unconsumed owner-file export,owner-local or no consumer,0 observed in current frontend source/test outside owner,0 observed in current routes or imports,not applicable to frontend module,0 observed in current frontend configuration,0 observed in current frontend tests,0 observed in current frontend scripts,historical snapshots retained,none,none,none,,,,,,REMOVE_DEAD,No current source/test module imports this declaration from its owner; local declaration retained if used internally,Whole frontend source/test symbol scan; noUnusedLocals; unit tests; TypeScript and Vite build
L-128,frontend/src/types/marketdata.ts,MarketdataReadinessSourceHealth export modifier,TypeScript,unconsumed owner-file export,owner-local or no consumer,0 observed in current frontend source/test outside owner,0 observed in current routes or imports,not applicable to frontend module,0 observed in current frontend configuration,0 observed in current frontend tests,0 observed in current frontend scripts,historical snapshots retained,none,none,none,,,,,,REMOVE_DEAD,No current source/test module imports this declaration from its owner; local declaration retained if used internally,Whole frontend source/test symbol scan; noUnusedLocals; unit tests; TypeScript and Vite build
L-129,frontend/src/types/marketdata.ts,MarketdataReadinessGapStatus export modifier,TypeScript,unconsumed owner-file export,owner-local or no consumer,0 observed in current frontend source/test outside owner,0 observed in current routes or imports,not applicable to frontend module,0 observed in current frontend configuration,0 observed in current frontend tests,0 observed in current frontend scripts,historical snapshots retained,none,none,none,,,,,,REMOVE_DEAD,No current source/test module imports this declaration from its owner; local declaration retained if used internally,Whole frontend source/test symbol scan; noUnusedLocals; unit tests; TypeScript and Vite build
L-130,frontend/src/types/marketdata.ts,MarketdataReadinessDataOrigin export modifier,TypeScript,unconsumed owner-file export,owner-local or no consumer,0 observed in current frontend source/test outside owner,0 observed in current routes or imports,not applicable to frontend module,0 observed in current frontend configuration,0 observed in current frontend tests,0 observed in current frontend scripts,historical snapshots retained,none,none,none,,,,,,REMOVE_DEAD,No current source/test module imports this declaration from its owner; local declaration retained if used internally,Whole frontend source/test symbol scan; noUnusedLocals; unit tests; TypeScript and Vite build
L-131,frontend/src/types/marketdata.ts,MarketdataReadinessErrorCategory export modifier,TypeScript,unconsumed owner-file export,owner-local or no consumer,0 observed in current frontend source/test outside owner,0 observed in current routes or imports,not applicable to frontend module,0 observed in current frontend configuration,0 observed in current frontend tests,0 observed in current frontend scripts,historical snapshots retained,none,none,none,,,,,,REMOVE_DEAD,No current source/test module imports this declaration from its owner; local declaration retained if used internally,Whole frontend source/test symbol scan; noUnusedLocals; unit tests; TypeScript and Vite build
L-132,frontend/src/utils/env.ts,AppEnv export modifier,TypeScript,unconsumed owner-file export,owner-local or no consumer,0 observed in current frontend source/test outside owner,0 observed in current routes or imports,not applicable to frontend module,0 observed in current frontend configuration,0 observed in current frontend tests,0 observed in current frontend scripts,historical snapshots retained,none,none,none,,,,,,REMOVE_DEAD,No current source/test module imports this declaration from its owner; local declaration retained if used internally,Whole frontend source/test symbol scan; noUnusedLocals; unit tests; TypeScript and Vite build
L-133,frontend/src/pages/shadow-runs/ShadowRunDetailPage.tsx,PaperShadowConsistencyDrilldownPanel export modifier,TypeScript,unconsumed owner-file export,owner-local or no consumer,0 observed in current frontend source/test outside owner,0 observed in current routes or imports,not applicable to frontend module,0 observed in current frontend configuration,0 observed in current frontend tests,0 observed in current frontend scripts,historical snapshots retained,none,none,none,,,,,,REMOVE_DEAD,No current source/test module imports this declaration from its owner; local declaration retained if used internally,Whole frontend source/test symbol scan; noUnusedLocals; unit tests; TypeScript and Vite build
L-134,frontend/src/pages/shadow-runs/ShadowRunDetailPage.tsx,ShadowRunEventTimeline export modifier,TypeScript,unconsumed owner-file export,owner-local or no consumer,0 observed in current frontend source/test outside owner,0 observed in current routes or imports,not applicable to frontend module,0 observed in current frontend configuration,0 observed in current frontend tests,0 observed in current frontend scripts,historical snapshots retained,none,none,none,,,,,,REMOVE_DEAD,No current source/test module imports this declaration from its owner; local declaration retained if used internally,Whole frontend source/test symbol scan; noUnusedLocals; unit tests; TypeScript and Vite build
L-135,frontend/src/pages/shadow-runs/ShadowRunDetailPage.tsx,ShadowRunSnapshotPanel export modifier,TypeScript,unconsumed owner-file export,owner-local or no consumer,0 observed in current frontend source/test outside owner,0 observed in current routes or imports,not applicable to frontend module,0 observed in current frontend configuration,0 observed in current frontend tests,0 observed in current frontend scripts,historical snapshots retained,none,none,none,,,,,,REMOVE_DEAD,No current source/test module imports this declaration from its owner; local declaration retained if used internally,Whole frontend source/test symbol scan; noUnusedLocals; unit tests; TypeScript and Vite build
L-136,frontend/src/pages/shadow-runs/ShadowRunDetailPage.tsx,ShadowConsistencyReportPanel export modifier,TypeScript,unconsumed owner-file export,owner-local or no consumer,0 observed in current frontend source/test outside owner,0 observed in current routes or imports,not applicable to frontend module,0 observed in current frontend configuration,0 observed in current frontend tests,0 observed in current frontend scripts,historical snapshots retained,none,none,none,,,,,,REMOVE_DEAD,No current source/test module imports this declaration from its owner; local declaration retained if used internally,Whole frontend source/test symbol scan; noUnusedLocals; unit tests; TypeScript and Vite build
L-137,frontend/src/nq-design-system/charts/chartData.ts,toChartTime export modifier,TypeScript,unconsumed owner-file export,owner-local or no consumer,0 observed in current frontend source/test outside owner,0 observed in current routes or imports,not applicable to frontend module,0 observed in current frontend configuration,0 observed in current frontend tests,0 observed in current frontend scripts,historical snapshots retained,none,none,none,,,,,,REMOVE_DEAD,No current source/test module imports this declaration from its owner; local declaration retained if used internally,Whole frontend source/test symbol scan; noUnusedLocals; unit tests; TypeScript and Vite build
L-138,frontend/src/nq-design-system/charts/types.ts,NqChartState export modifier,TypeScript,unconsumed owner-file export,owner-local or no consumer,0 observed in current frontend source/test outside owner,0 observed in current routes or imports,not applicable to frontend module,0 observed in current frontend configuration,0 observed in current frontend tests,0 observed in current frontend scripts,historical snapshots retained,none,none,none,,,,,,REMOVE_DEAD,No current source/test module imports this declaration from its owner; local declaration retained if used internally,Whole frontend source/test symbol scan; noUnusedLocals; unit tests; TypeScript and Vite build
L-139,frontend/src/nq-design-system/format/cells.tsx,PercentCellProps export modifier,TypeScript,unconsumed owner-file export,owner-local or no consumer,0 observed in current frontend source/test outside owner,0 observed in current routes or imports,not applicable to frontend module,0 observed in current frontend configuration,0 observed in current frontend tests,0 observed in current frontend scripts,historical snapshots retained,none,none,none,,,,,,REMOVE_DEAD,No current source/test module imports this declaration from its owner; local declaration retained if used internally,Whole frontend source/test symbol scan; noUnusedLocals; unit tests; TypeScript and Vite build
L-140,frontend/src/nq-design-system/format/cells.tsx,ChangeCellProps export modifier,TypeScript,unconsumed owner-file export,owner-local or no consumer,0 observed in current frontend source/test outside owner,0 observed in current routes or imports,not applicable to frontend module,0 observed in current frontend configuration,0 observed in current frontend tests,0 observed in current frontend scripts,historical snapshots retained,none,none,none,,,,,,REMOVE_DEAD,No current source/test module imports this declaration from its owner; local declaration retained if used internally,Whole frontend source/test symbol scan; noUnusedLocals; unit tests; TypeScript and Vite build
L-141,frontend/src/nq-design-system/format/cells.tsx,StatusCellProps export modifier,TypeScript,unconsumed owner-file export,owner-local or no consumer,0 observed in current frontend source/test outside owner,0 observed in current routes or imports,not applicable to frontend module,0 observed in current frontend configuration,0 observed in current frontend tests,0 observed in current frontend scripts,historical snapshots retained,none,none,none,,,,,,REMOVE_DEAD,No current source/test module imports this declaration from its owner; local declaration retained if used internally,Whole frontend source/test symbol scan; noUnusedLocals; unit tests; TypeScript and Vite build
L-142,frontend/src/nq-design-system/format/nqFormat.ts,isNqEmpty export modifier,TypeScript,unconsumed owner-file export,owner-local or no consumer,0 observed in current frontend source/test outside owner,0 observed in current routes or imports,not applicable to frontend module,0 observed in current frontend configuration,0 observed in current frontend tests,0 observed in current frontend scripts,historical snapshots retained,none,none,none,,,,,,REMOVE_DEAD,No current source/test module imports this declaration from its owner; local declaration retained if used internally,Whole frontend source/test symbol scan; noUnusedLocals; unit tests; TypeScript and Vite build
L-143,frontend/src/nq-design-system/format/nqFormat.ts,NqDirection export modifier,TypeScript,unconsumed owner-file export,owner-local or no consumer,0 observed in current frontend source/test outside owner,0 observed in current routes or imports,not applicable to frontend module,0 observed in current frontend configuration,0 observed in current frontend tests,0 observed in current frontend scripts,historical snapshots retained,none,none,none,,,,,,REMOVE_DEAD,No current source/test module imports this declaration from its owner; local declaration retained if used internally,Whole frontend source/test symbol scan; noUnusedLocals; unit tests; TypeScript and Vite build
L-144,frontend/src/nq-design-system/shell/AppShell.tsx,AppShellProps export modifier,TypeScript,unconsumed owner-file export,owner-local or no consumer,0 observed in current frontend source/test outside owner,0 observed in current routes or imports,not applicable to frontend module,0 observed in current frontend configuration,0 observed in current frontend tests,0 observed in current frontend scripts,historical snapshots retained,none,none,none,,,,,,REMOVE_DEAD,No current source/test module imports this declaration from its owner; local declaration retained if used internally,Whole frontend source/test symbol scan; noUnusedLocals; unit tests; TypeScript and Vite build
L-145,frontend/src/nq-design-system/status/DataFreshness.tsx,DataFreshnessProps export modifier,TypeScript,unconsumed owner-file export,owner-local or no consumer,0 observed in current frontend source/test outside owner,0 observed in current routes or imports,not applicable to frontend module,0 observed in current frontend configuration,0 observed in current frontend tests,0 observed in current frontend scripts,historical snapshots retained,none,none,none,,,,,,REMOVE_DEAD,No current source/test module imports this declaration from its owner; local declaration retained if used internally,Whole frontend source/test symbol scan; noUnusedLocals; unit tests; TypeScript and Vite build
L-146,frontend/src/nq-design-system/status/EnvironmentBadge.tsx,EnvironmentBadgeProps export modifier,TypeScript,unconsumed owner-file export,owner-local or no consumer,0 observed in current frontend source/test outside owner,0 observed in current routes or imports,not applicable to frontend module,0 observed in current frontend configuration,0 observed in current frontend tests,0 observed in current frontend scripts,historical snapshots retained,none,none,none,,,,,,REMOVE_DEAD,No current source/test module imports this declaration from its owner; local declaration retained if used internally,Whole frontend source/test symbol scan; noUnusedLocals; unit tests; TypeScript and Vite build
L-147,frontend/src/nq-design-system/status/RiskBanner.tsx,RiskSeverity export modifier,TypeScript,unconsumed owner-file export,owner-local or no consumer,0 observed in current frontend source/test outside owner,0 observed in current routes or imports,not applicable to frontend module,0 observed in current frontend configuration,0 observed in current frontend tests,0 observed in current frontend scripts,historical snapshots retained,none,none,none,,,,,,REMOVE_DEAD,No current source/test module imports this declaration from its owner; local declaration retained if used internally,Whole frontend source/test symbol scan; noUnusedLocals; unit tests; TypeScript and Vite build
L-148,frontend/src/nq-design-system/status/RiskBanner.tsx,RiskBannerProps export modifier,TypeScript,unconsumed owner-file export,owner-local or no consumer,0 observed in current frontend source/test outside owner,0 observed in current routes or imports,not applicable to frontend module,0 observed in current frontend configuration,0 observed in current frontend tests,0 observed in current frontend scripts,historical snapshots retained,none,none,none,,,,,,REMOVE_DEAD,No current source/test module imports this declaration from its owner; local declaration retained if used internally,Whole frontend source/test symbol scan; noUnusedLocals; unit tests; TypeScript and Vite build
L-149,frontend/src/nq-design-system/status/StatusTag.tsx,statusToneOf export modifier,TypeScript,unconsumed owner-file export,owner-local or no consumer,0 observed in current frontend source/test outside owner,0 observed in current routes or imports,not applicable to frontend module,0 observed in current frontend configuration,0 observed in current frontend tests,0 observed in current frontend scripts,historical snapshots retained,none,none,none,,,,,,REMOVE_DEAD,No current source/test module imports this declaration from its owner; local declaration retained if used internally,Whole frontend source/test symbol scan; noUnusedLocals; unit tests; TypeScript and Vite build
L-150,frontend/src/nq-design-system/status/StatusTag.tsx,StatusTagProps export modifier,TypeScript,unconsumed owner-file export,owner-local or no consumer,0 observed in current frontend source/test outside owner,0 observed in current routes or imports,not applicable to frontend module,0 observed in current frontend configuration,0 observed in current frontend tests,0 observed in current frontend scripts,historical snapshots retained,none,none,none,,,,,,REMOVE_DEAD,No current source/test module imports this declaration from its owner; local declaration retained if used internally,Whole frontend source/test symbol scan; noUnusedLocals; unit tests; TypeScript and Vite build
L-151,frontend/src/nq-design-system/table/tableDensity.ts,NqTableDensityToken export modifier,TypeScript,unconsumed owner-file export,owner-local or no consumer,0 observed in current frontend source/test outside owner,0 observed in current routes or imports,not applicable to frontend module,0 observed in current frontend configuration,0 observed in current frontend tests,0 observed in current frontend scripts,historical snapshots retained,none,none,none,,,,,,REMOVE_DEAD,No current source/test module imports this declaration from its owner; local declaration retained if used internally,Whole frontend source/test symbol scan; noUnusedLocals; unit tests; TypeScript and Vite build
L-152,frontend/src/nq-design-system/table/tableDensity.ts,NQ_DEFAULT_TABLE_DENSITY export modifier,TypeScript,unconsumed owner-file export,owner-local or no consumer,0 observed in current frontend source/test outside owner,0 observed in current routes or imports,not applicable to frontend module,0 observed in current frontend configuration,0 observed in current frontend tests,0 observed in current frontend scripts,historical snapshots retained,none,none,none,,,,,,REMOVE_DEAD,No current source/test module imports this declaration from its owner; local declaration retained if used internally,Whole frontend source/test symbol scan; noUnusedLocals; unit tests; TypeScript and Vite build
L-153,frontend/src/nq-design-system/table/tableDensity.ts,nqAntdTableCellPadding export modifier,TypeScript,unconsumed owner-file export,owner-local or no consumer,0 observed in current frontend source/test outside owner,0 observed in current routes or imports,not applicable to frontend module,0 observed in current frontend configuration,0 observed in current frontend tests,0 observed in current frontend scripts,historical snapshots retained,none,none,none,,,,,,REMOVE_DEAD,No current source/test module imports this declaration from its owner; local declaration retained if used internally,Whole frontend source/test symbol scan; noUnusedLocals; unit tests; TypeScript and Vite build
L-154,frontend/src/nq-design-system/theme/nqChartTheme.ts,nqChartSeriesPalette export modifier,TypeScript,unconsumed owner-file export,owner-local or no consumer,0 observed in current frontend source/test outside owner,0 observed in current routes or imports,not applicable to frontend module,0 observed in current frontend configuration,0 observed in current frontend tests,0 observed in current frontend scripts,historical snapshots retained,none,none,none,,,,,,REMOVE_DEAD,No current source/test module imports this declaration from its owner; local declaration retained if used internally,Whole frontend source/test symbol scan; noUnusedLocals; unit tests; TypeScript and Vite build
L-155,frontend/src/features/validation/types/consistency-evidence.ts,ConsistencyEvidenceComparisonStatus export modifier,TypeScript,unconsumed owner-file export,owner-local or no consumer,0 observed in current frontend source/test outside owner,0 observed in current routes or imports,not applicable to frontend module,0 observed in current frontend configuration,0 observed in current frontend tests,0 observed in current frontend scripts,historical snapshots retained,none,none,none,,,,,,REMOVE_DEAD,No current source/test module imports this declaration from its owner; local declaration retained if used internally,Whole frontend source/test symbol scan; noUnusedLocals; unit tests; TypeScript and Vite build
L-156,frontend/src/features/validation/types/consistency-evidence.ts,ConsistencyEvidenceDivergenceSeverity export modifier,TypeScript,unconsumed owner-file export,owner-local or no consumer,0 observed in current frontend source/test outside owner,0 observed in current routes or imports,not applicable to frontend module,0 observed in current frontend configuration,0 observed in current frontend tests,0 observed in current frontend scripts,historical snapshots retained,none,none,none,,,,,,REMOVE_DEAD,No current source/test module imports this declaration from its owner; local declaration retained if used internally,Whole frontend source/test symbol scan; noUnusedLocals; unit tests; TypeScript and Vite build
L-157,frontend/src/features/validation/types/consistency-evidence.ts,ConsistencyEvidenceFreshness export modifier,TypeScript,unconsumed owner-file export,owner-local or no consumer,0 observed in current frontend source/test outside owner,0 observed in current routes or imports,not applicable to frontend module,0 observed in current frontend configuration,0 observed in current frontend tests,0 observed in current frontend scripts,historical snapshots retained,none,none,none,,,,,,REMOVE_DEAD,No current source/test module imports this declaration from its owner; local declaration retained if used internally,Whole frontend source/test symbol scan; noUnusedLocals; unit tests; TypeScript and Vite build
L-158,frontend/src/features/validation/types/evaluation-artifact-preview.ts,ArtifactChecksumStatus export modifier,TypeScript,unconsumed owner-file export,owner-local or no consumer,0 observed in current frontend source/test outside owner,0 observed in current routes or imports,not applicable to frontend module,0 observed in current frontend configuration,0 observed in current frontend tests,0 observed in current frontend scripts,historical snapshots retained,none,none,none,,,,,,REMOVE_DEAD,No current source/test module imports this declaration from its owner; local declaration retained if used internally,Whole frontend source/test symbol scan; noUnusedLocals; unit tests; TypeScript and Vite build
L-159,frontend/src/features/validation/types/evaluation-artifact-preview.ts,ArtifactFreshness export modifier,TypeScript,unconsumed owner-file export,owner-local or no consumer,0 observed in current frontend source/test outside owner,0 observed in current routes or imports,not applicable to frontend module,0 observed in current frontend configuration,0 observed in current frontend tests,0 observed in current frontend scripts,historical snapshots retained,none,none,none,,,,,,REMOVE_DEAD,No current source/test module imports this declaration from its owner; local declaration retained if used internally,Whole frontend source/test symbol scan; noUnusedLocals; unit tests; TypeScript and Vite build
L-160,frontend/src/features/validation/types/evaluation-artifact-preview.ts,ArtifactMetricSummaryStatus export modifier,TypeScript,unconsumed owner-file export,owner-local or no consumer,0 observed in current frontend source/test outside owner,0 observed in current routes or imports,not applicable to frontend module,0 observed in current frontend configuration,0 observed in current frontend tests,0 observed in current frontend scripts,historical snapshots retained,none,none,none,,,,,,REMOVE_DEAD,No current source/test module imports this declaration from its owner; local declaration retained if used internally,Whole frontend source/test symbol scan; noUnusedLocals; unit tests; TypeScript and Vite build
L-161,frontend/src/features/validation/types/evaluation-artifact-preview.ts,EvaluationArtifactPreviewBoundaryMessage export modifier,TypeScript,unconsumed owner-file export,owner-local or no consumer,0 observed in current frontend source/test outside owner,0 observed in current routes or imports,not applicable to frontend module,0 observed in current frontend configuration,0 observed in current frontend tests,0 observed in current frontend scripts,historical snapshots retained,none,none,none,,,,,,REMOVE_DEAD,No current source/test module imports this declaration from its owner; local declaration retained if used internally,Whole frontend source/test symbol scan; noUnusedLocals; unit tests; TypeScript and Vite build
L-162,frontend/src/features/validation/types/incident-replay-review.ts,IncidentReplayReviewState export modifier,TypeScript,unconsumed owner-file export,owner-local or no consumer,0 observed in current frontend source/test outside owner,0 observed in current routes or imports,not applicable to frontend module,0 observed in current frontend configuration,0 observed in current frontend tests,0 observed in current frontend scripts,historical snapshots retained,none,none,none,,,,,,REMOVE_DEAD,No current source/test module imports this declaration from its owner; local declaration retained if used internally,Whole frontend source/test symbol scan; noUnusedLocals; unit tests; TypeScript and Vite build
L-163,frontend/src/features/validation/types/incident-replay-review.ts,IncidentReplayReviewDecision export modifier,TypeScript,unconsumed owner-file export,owner-local or no consumer,0 observed in current frontend source/test outside owner,0 observed in current routes or imports,not applicable to frontend module,0 observed in current frontend configuration,0 observed in current frontend tests,0 observed in current frontend scripts,historical snapshots retained,none,none,none,,,,,,REMOVE_DEAD,No current source/test module imports this declaration from its owner; local declaration retained if used internally,Whole frontend source/test symbol scan; noUnusedLocals; unit tests; TypeScript and Vite build
L-164,frontend/src/features/validation/types/incident-replay-review.ts,IncidentReplayReviewSeverity export modifier,TypeScript,unconsumed owner-file export,owner-local or no consumer,0 observed in current frontend source/test outside owner,0 observed in current routes or imports,not applicable to frontend module,0 observed in current frontend configuration,0 observed in current frontend tests,0 observed in current frontend scripts,historical snapshots retained,none,none,none,,,,,,REMOVE_DEAD,No current source/test module imports this declaration from its owner; local declaration retained if used internally,Whole frontend source/test symbol scan; noUnusedLocals; unit tests; TypeScript and Vite build
L-165,frontend/src/features/validation/types/incident-replay-review.ts,IncidentReplayEvidenceFreshness export modifier,TypeScript,unconsumed owner-file export,owner-local or no consumer,0 observed in current frontend source/test outside owner,0 observed in current routes or imports,not applicable to frontend module,0 observed in current frontend configuration,0 observed in current frontend tests,0 observed in current frontend scripts,historical snapshots retained,none,none,none,,,,,,REMOVE_DEAD,No current source/test module imports this declaration from its owner; local declaration retained if used internally,Whole frontend source/test symbol scan; noUnusedLocals; unit tests; TypeScript and Vite build
L-166,frontend/src/features/validation/types/incident-replay-review.ts,IncidentReplayReviewBoundaryMessage export modifier,TypeScript,unconsumed owner-file export,owner-local or no consumer,0 observed in current frontend source/test outside owner,0 observed in current routes or imports,not applicable to frontend module,0 observed in current frontend configuration,0 observed in current frontend tests,0 observed in current frontend scripts,historical snapshots retained,none,none,none,,,,,,REMOVE_DEAD,No current source/test module imports this declaration from its owner; local declaration retained if used internally,Whole frontend source/test symbol scan; noUnusedLocals; unit tests; TypeScript and Vite build
L-167,frontend/src/features/validation/types/incident-replay.ts,IncidentReplayBoundaryMessage export modifier,TypeScript,unconsumed owner-file export,owner-local or no consumer,0 observed in current frontend source/test outside owner,0 observed in current routes or imports,not applicable to frontend module,0 observed in current frontend configuration,0 observed in current frontend tests,0 observed in current frontend scripts,historical snapshots retained,none,none,none,,,,,,REMOVE_DEAD,No current source/test module imports this declaration from its owner; local declaration retained if used internally,Whole frontend source/test symbol scan; noUnusedLocals; unit tests; TypeScript and Vite build
L-168,frontend/src/features/validation/types/read-model-evidence.ts,ReadModelEvidenceAvailability export modifier,TypeScript,unconsumed owner-file export,owner-local or no consumer,0 observed in current frontend source/test outside owner,0 observed in current routes or imports,not applicable to frontend module,0 observed in current frontend configuration,0 observed in current frontend tests,0 observed in current frontend scripts,historical snapshots retained,none,none,none,,,,,,REMOVE_DEAD,No current source/test module imports this declaration from its owner; local declaration retained if used internally,Whole frontend source/test symbol scan; noUnusedLocals; unit tests; TypeScript and Vite build
L-169,frontend/src/features/validation/types/read-model-evidence.ts,ReadModelEvidenceFreshnessStatus export modifier,TypeScript,unconsumed owner-file export,owner-local or no consumer,0 observed in current frontend source/test outside owner,0 observed in current routes or imports,not applicable to frontend module,0 observed in current frontend configuration,0 observed in current frontend tests,0 observed in current frontend scripts,historical snapshots retained,none,none,none,,,,,,REMOVE_DEAD,No current source/test module imports this declaration from its owner; local declaration retained if used internally,Whole frontend source/test symbol scan; noUnusedLocals; unit tests; TypeScript and Vite build
L-170,frontend/src/features/validation/types/shadow-runs.ts,JsonPrimitive export modifier,TypeScript,unconsumed owner-file export,owner-local or no consumer,0 observed in current frontend source/test outside owner,0 observed in current routes or imports,not applicable to frontend module,0 observed in current frontend configuration,0 observed in current frontend tests,0 observed in current frontend scripts,historical snapshots retained,none,none,none,,,,,,REMOVE_DEAD,No current source/test module imports this declaration from its owner; local declaration retained if used internally,Whole frontend source/test symbol scan; noUnusedLocals; unit tests; TypeScript and Vite build
L-171,frontend/src/features/validation/types/shadow-runs.ts,ShadowRunSideEffectFlags export modifier,TypeScript,unconsumed owner-file export,owner-local or no consumer,0 observed in current frontend source/test outside owner,0 observed in current routes or imports,not applicable to frontend module,0 observed in current frontend configuration,0 observed in current frontend tests,0 observed in current frontend scripts,historical snapshots retained,none,none,none,,,,,,REMOVE_DEAD,No current source/test module imports this declaration from its owner; local declaration retained if used internally,Whole frontend source/test symbol scan; noUnusedLocals; unit tests; TypeScript and Vite build
L-172,frontend/src/features/validation/types/shadow-runs.ts,ShadowRunOverviewDivergenceSeverity export modifier,TypeScript,unconsumed owner-file export,owner-local or no consumer,0 observed in current frontend source/test outside owner,0 observed in current routes or imports,not applicable to frontend module,0 observed in current frontend configuration,0 observed in current frontend tests,0 observed in current frontend scripts,historical snapshots retained,none,none,none,,,,,,REMOVE_DEAD,No current source/test module imports this declaration from its owner; local declaration retained if used internally,Whole frontend source/test symbol scan; noUnusedLocals; unit tests; TypeScript and Vite build
L-173,frontend/src/features/validation/types/shadow-runs.ts,ShadowRunOverviewLatestRun export modifier,TypeScript,unconsumed owner-file export,owner-local or no consumer,0 observed in current frontend source/test outside owner,0 observed in current routes or imports,not applicable to frontend module,0 observed in current frontend configuration,0 observed in current frontend tests,0 observed in current frontend scripts,historical snapshots retained,none,none,none,,,,,,REMOVE_DEAD,No current source/test module imports this declaration from its owner; local declaration retained if used internally,Whole frontend source/test symbol scan; noUnusedLocals; unit tests; TypeScript and Vite build
L-174,frontend/src/features/validation/types/shadow-runs.ts,ShadowRunOverviewLatestConsistency export modifier,TypeScript,unconsumed owner-file export,owner-local or no consumer,0 observed in current frontend source/test outside owner,0 observed in current routes or imports,not applicable to frontend module,0 observed in current frontend configuration,0 observed in current frontend tests,0 observed in current frontend scripts,historical snapshots retained,none,none,none,,,,,,REMOVE_DEAD,No current source/test module imports this declaration from its owner; local declaration retained if used internally,Whole frontend source/test symbol scan; noUnusedLocals; unit tests; TypeScript and Vite build
L-175,frontend/src/features/validation/types/shadow-runs.ts,PaperShadowComparisonStatus export modifier,TypeScript,unconsumed owner-file export,owner-local or no consumer,0 observed in current frontend source/test outside owner,0 observed in current routes or imports,not applicable to frontend module,0 observed in current frontend configuration,0 observed in current frontend tests,0 observed in current frontend scripts,historical snapshots retained,none,none,none,,,,,,REMOVE_DEAD,No current source/test module imports this declaration from its owner; local declaration retained if used internally,Whole frontend source/test symbol scan; noUnusedLocals; unit tests; TypeScript and Vite build
L-176,frontend/src/features/validation/types/shadow-runs.ts,PaperShadowConsistencyDivergenceSeverity export modifier,TypeScript,unconsumed owner-file export,owner-local or no consumer,0 observed in current frontend source/test outside owner,0 observed in current routes or imports,not applicable to frontend module,0 observed in current frontend configuration,0 observed in current frontend tests,0 observed in current frontend scripts,historical snapshots retained,none,none,none,,,,,,REMOVE_DEAD,No current source/test module imports this declaration from its owner; local declaration retained if used internally,Whole frontend source/test symbol scan; noUnusedLocals; unit tests; TypeScript and Vite build
L-177,frontend/src/features/validation/types/shadow-runs.ts,PaperShadowConsistencyShadowRun export modifier,TypeScript,unconsumed owner-file export,owner-local or no consumer,0 observed in current frontend source/test outside owner,0 observed in current routes or imports,not applicable to frontend module,0 observed in current frontend configuration,0 observed in current frontend tests,0 observed in current frontend scripts,historical snapshots retained,none,none,none,,,,,,REMOVE_DEAD,No current source/test module imports this declaration from its owner; local declaration retained if used internally,Whole frontend source/test symbol scan; noUnusedLocals; unit tests; TypeScript and Vite build
L-178,frontend/src/features/validation/types/shadow-runs.ts,PaperShadowConsistencyLatestConsistency export modifier,TypeScript,unconsumed owner-file export,owner-local or no consumer,0 observed in current frontend source/test outside owner,0 observed in current routes or imports,not applicable to frontend module,0 observed in current frontend configuration,0 observed in current frontend tests,0 observed in current frontend scripts,historical snapshots retained,none,none,none,,,,,,REMOVE_DEAD,No current source/test module imports this declaration from its owner; local declaration retained if used internally,Whole frontend source/test symbol scan; noUnusedLocals; unit tests; TypeScript and Vite build
L-179,frontend/src/features/validation/types/shadow-runs.ts,PaperShadowConsistencySnapshotSummary export modifier,TypeScript,unconsumed owner-file export,owner-local or no consumer,0 observed in current frontend source/test outside owner,0 observed in current routes or imports,not applicable to frontend module,0 observed in current frontend configuration,0 observed in current frontend tests,0 observed in current frontend scripts,historical snapshots retained,none,none,none,,,,,,REMOVE_DEAD,No current source/test module imports this declaration from its owner; local declaration retained if used internally,Whole frontend source/test symbol scan; noUnusedLocals; unit tests; TypeScript and Vite build
L-180,frontend/src/features/validation/types/shadow-runs.ts,PaperShadowConsistencyEventSummary export modifier,TypeScript,unconsumed owner-file export,owner-local or no consumer,0 observed in current frontend source/test outside owner,0 observed in current routes or imports,not applicable to frontend module,0 observed in current frontend configuration,0 observed in current frontend tests,0 observed in current frontend scripts,historical snapshots retained,none,none,none,,,,,,REMOVE_DEAD,No current source/test module imports this declaration from its owner; local declaration retained if used internally,Whole frontend source/test symbol scan; noUnusedLocals; unit tests; TypeScript and Vite build
L-181,frontend/src/features/validation/types/shadow-validation-workflow.ts,ShadowValidationWorkflowState export modifier,TypeScript,unconsumed owner-file export,owner-local or no consumer,0 observed in current frontend source/test outside owner,0 observed in current routes or imports,not applicable to frontend module,0 observed in current frontend configuration,0 observed in current frontend tests,0 observed in current frontend scripts,historical snapshots retained,none,none,none,,,,,,REMOVE_DEAD,No current source/test module imports this declaration from its owner; local declaration retained if used internally,Whole frontend source/test symbol scan; noUnusedLocals; unit tests; TypeScript and Vite build
L-182,frontend/src/features/validation/types/shadow-validation-workflow.ts,ShadowValidationDecision export modifier,TypeScript,unconsumed owner-file export,owner-local or no consumer,0 observed in current frontend source/test outside owner,0 observed in current routes or imports,not applicable to frontend module,0 observed in current frontend configuration,0 observed in current frontend tests,0 observed in current frontend scripts,historical snapshots retained,none,none,none,,,,,,REMOVE_DEAD,No current source/test module imports this declaration from its owner; local declaration retained if used internally,Whole frontend source/test symbol scan; noUnusedLocals; unit tests; TypeScript and Vite build
L-183,frontend/src/features/validation/types/shadow-validation-workflow.ts,ShadowValidationSeverity export modifier,TypeScript,unconsumed owner-file export,owner-local or no consumer,0 observed in current frontend source/test outside owner,0 observed in current routes or imports,not applicable to frontend module,0 observed in current frontend configuration,0 observed in current frontend tests,0 observed in current frontend scripts,historical snapshots retained,none,none,none,,,,,,REMOVE_DEAD,No current source/test module imports this declaration from its owner; local declaration retained if used internally,Whole frontend source/test symbol scan; noUnusedLocals; unit tests; TypeScript and Vite build
L-184,frontend/src/features/validation/types/shadow-validation-workflow.ts,ShadowValidationEvidenceFreshness export modifier,TypeScript,unconsumed owner-file export,owner-local or no consumer,0 observed in current frontend source/test outside owner,0 observed in current routes or imports,not applicable to frontend module,0 observed in current frontend configuration,0 observed in current frontend tests,0 observed in current frontend scripts,historical snapshots retained,none,none,none,,,,,,REMOVE_DEAD,No current source/test module imports this declaration from its owner; local declaration retained if used internally,Whole frontend source/test symbol scan; noUnusedLocals; unit tests; TypeScript and Vite build
L-185,frontend/src/features/validation/types/strategy-validation.ts,StrategyValidationDecision export modifier,TypeScript,unconsumed owner-file export,owner-local or no consumer,0 observed in current frontend source/test outside owner,0 observed in current routes or imports,not applicable to frontend module,0 observed in current frontend configuration,0 observed in current frontend tests,0 observed in current frontend scripts,historical snapshots retained,none,none,none,,,,,,REMOVE_DEAD,No current source/test module imports this declaration from its owner; local declaration retained if used internally,Whole frontend source/test symbol scan; noUnusedLocals; unit tests; TypeScript and Vite build
L-186,frontend/src/features/runtime/types/operational-readiness.ts,FakeDryRunOperationsResponse export modifier,TypeScript,unconsumed owner-file export,owner-local or no consumer,0 observed in current frontend source/test outside owner,0 observed in current routes or imports,not applicable to frontend module,0 observed in current frontend configuration,0 observed in current frontend tests,0 observed in current frontend scripts,historical snapshots retained,none,none,none,,,,,,REMOVE_DEAD,No current source/test module imports this declaration from its owner; local declaration retained if used internally,Whole frontend source/test symbol scan; noUnusedLocals; unit tests; TypeScript and Vite build
L-187,frontend/src/features/runs/api/runs.ts,StrategyRunListRequest export modifier,TypeScript,unconsumed owner-file export,owner-local or no consumer,0 observed in current frontend source/test outside owner,0 observed in current routes or imports,not applicable to frontend module,0 observed in current frontend configuration,0 observed in current frontend tests,0 observed in current frontend scripts,historical snapshots retained,none,none,none,,,,,,REMOVE_DEAD,No current source/test module imports this declaration from its owner; local declaration retained if used internally,Whole frontend source/test symbol scan; noUnusedLocals; unit tests; TypeScript and Vite build
L-188,frontend/src/features/runs/types/runs.ts,StrategyRunOrderItem export modifier,TypeScript,unconsumed owner-file export,owner-local or no consumer,0 observed in current frontend source/test outside owner,0 observed in current routes or imports,not applicable to frontend module,0 observed in current frontend configuration,0 observed in current frontend tests,0 observed in current frontend scripts,historical snapshots retained,none,none,none,,,,,,REMOVE_DEAD,No current source/test module imports this declaration from its owner; local declaration retained if used internally,Whole frontend source/test symbol scan; noUnusedLocals; unit tests; TypeScript and Vite build
L-189,frontend/src/features/runs/types/runs.ts,StrategyRunTradeItem export modifier,TypeScript,unconsumed owner-file export,owner-local or no consumer,0 observed in current frontend source/test outside owner,0 observed in current routes or imports,not applicable to frontend module,0 observed in current frontend configuration,0 observed in current frontend tests,0 observed in current frontend scripts,historical snapshots retained,none,none,none,,,,,,REMOVE_DEAD,No current source/test module imports this declaration from its owner; local declaration retained if used internally,Whole frontend source/test symbol scan; noUnusedLocals; unit tests; TypeScript and Vite build
L-190,frontend/src/features/publishes/api/publishes.ts,PublishListRequest export modifier,TypeScript,unconsumed owner-file export,owner-local or no consumer,0 observed in current frontend source/test outside owner,0 observed in current routes or imports,not applicable to frontend module,0 observed in current frontend configuration,0 observed in current frontend tests,0 observed in current frontend scripts,historical snapshots retained,none,none,none,,,,,,REMOVE_DEAD,No current source/test module imports this declaration from its owner; local declaration retained if used internally,Whole frontend source/test symbol scan; noUnusedLocals; unit tests; TypeScript and Vite build
L-191,frontend/src/features/paper-trading/api/paper-trading.ts,PaperTradingListRequest export modifier,TypeScript,unconsumed owner-file export,owner-local or no consumer,0 observed in current frontend source/test outside owner,0 observed in current routes or imports,not applicable to frontend module,0 observed in current frontend configuration,0 observed in current frontend tests,0 observed in current frontend scripts,historical snapshots retained,none,none,none,,,,,,REMOVE_DEAD,No current source/test module imports this declaration from its owner; local declaration retained if used internally,Whole frontend source/test symbol scan; noUnusedLocals; unit tests; TypeScript and Vite build
L-192,frontend/src/features/paper-trading/types/paper-trading.ts,PaperRunSummaryCounts export modifier,TypeScript,unconsumed owner-file export,owner-local or no consumer,0 observed in current frontend source/test outside owner,0 observed in current routes or imports,not applicable to frontend module,0 observed in current frontend configuration,0 observed in current frontend tests,0 observed in current frontend scripts,historical snapshots retained,none,none,none,,,,,,REMOVE_DEAD,No current source/test module imports this declaration from its owner; local declaration retained if used internally,Whole frontend source/test symbol scan; noUnusedLocals; unit tests; TypeScript and Vite build
L-193,frontend/src/features/paper-trading/types/paper-trading.ts,PaperRunSummaryLatest export modifier,TypeScript,unconsumed owner-file export,owner-local or no consumer,0 observed in current frontend source/test outside owner,0 observed in current routes or imports,not applicable to frontend module,0 observed in current frontend configuration,0 observed in current frontend tests,0 observed in current frontend scripts,historical snapshots retained,none,none,none,,,,,,REMOVE_DEAD,No current source/test module imports this declaration from its owner; local declaration retained if used internally,Whole frontend source/test symbol scan; noUnusedLocals; unit tests; TypeScript and Vite build
L-194,frontend/src/features/paper-trading/types/paper-trading.ts,PaperRunSummaryResultReview export modifier,TypeScript,unconsumed owner-file export,owner-local or no consumer,0 observed in current frontend source/test outside owner,0 observed in current routes or imports,not applicable to frontend module,0 observed in current frontend configuration,0 observed in current frontend tests,0 observed in current frontend scripts,historical snapshots retained,none,none,none,,,,,,REMOVE_DEAD,No current source/test module imports this declaration from its owner; local declaration retained if used internally,Whole frontend source/test symbol scan; noUnusedLocals; unit tests; TypeScript and Vite build
L-195,frontend/src/features/paper-trading/types/paper-trading.ts,PaperRunSummaryDiagnosis export modifier,TypeScript,unconsumed owner-file export,owner-local or no consumer,0 observed in current frontend source/test outside owner,0 observed in current routes or imports,not applicable to frontend module,0 observed in current frontend configuration,0 observed in current frontend tests,0 observed in current frontend scripts,historical snapshots retained,none,none,none,,,,,,REMOVE_DEAD,No current source/test module imports this declaration from its owner; local declaration retained if used internally,Whole frontend source/test symbol scan; noUnusedLocals; unit tests; TypeScript and Vite build
L-196,frontend/src/features/paper-trading/types/paper-trading.ts,PaperRunSummaryTimelineEntry export modifier,TypeScript,unconsumed owner-file export,owner-local or no consumer,0 observed in current frontend source/test outside owner,0 observed in current routes or imports,not applicable to frontend module,0 observed in current frontend configuration,0 observed in current frontend tests,0 observed in current frontend scripts,historical snapshots retained,none,none,none,,,,,,REMOVE_DEAD,No current source/test module imports this declaration from its owner; local declaration retained if used internally,Whole frontend source/test symbol scan; noUnusedLocals; unit tests; TypeScript and Vite build
L-197,frontend/src/features/paper-trading/types/paper-trading.ts,PaperRunSummarySafety export modifier,TypeScript,unconsumed owner-file export,owner-local or no consumer,0 observed in current frontend source/test outside owner,0 observed in current routes or imports,not applicable to frontend module,0 observed in current frontend configuration,0 observed in current frontend tests,0 observed in current frontend scripts,historical snapshots retained,none,none,none,,,,,,REMOVE_DEAD,No current source/test module imports this declaration from its owner; local declaration retained if used internally,Whole frontend source/test symbol scan; noUnusedLocals; unit tests; TypeScript and Vite build
L-198,frontend/src/features/paper-trading/types/paper-trading.ts,PaperPortfolioOverview export modifier,TypeScript,unconsumed owner-file export,owner-local or no consumer,0 observed in current frontend source/test outside owner,0 observed in current routes or imports,not applicable to frontend module,0 observed in current frontend configuration,0 observed in current frontend tests,0 observed in current frontend scripts,historical snapshots retained,none,none,none,,,,,,REMOVE_DEAD,No current source/test module imports this declaration from its owner; local declaration retained if used internally,Whole frontend source/test symbol scan; noUnusedLocals; unit tests; TypeScript and Vite build
L-199,frontend/src/features/paper-trading/types/paper-trading.ts,PaperPortfolioHighlights export modifier,TypeScript,unconsumed owner-file export,owner-local or no consumer,0 observed in current frontend source/test outside owner,0 observed in current routes or imports,not applicable to frontend module,0 observed in current frontend configuration,0 observed in current frontend tests,0 observed in current frontend scripts,historical snapshots retained,none,none,none,,,,,,REMOVE_DEAD,No current source/test module imports this declaration from its owner; local declaration retained if used internally,Whole frontend source/test symbol scan; noUnusedLocals; unit tests; TypeScript and Vite build
L-200,frontend/src/features/paper-trading/types/paper-trading.ts,PaperPortfolioDataQuality export modifier,TypeScript,unconsumed owner-file export,owner-local or no consumer,0 observed in current frontend source/test outside owner,0 observed in current routes or imports,not applicable to frontend module,0 observed in current frontend configuration,0 observed in current frontend tests,0 observed in current frontend scripts,historical snapshots retained,none,none,none,,,,,,REMOVE_DEAD,No current source/test module imports this declaration from its owner; local declaration retained if used internally,Whole frontend source/test symbol scan; noUnusedLocals; unit tests; TypeScript and Vite build
L-201,frontend/src/features/paper-trading/types/paper-trading.ts,PaperPortfolioSafety export modifier,TypeScript,unconsumed owner-file export,owner-local or no consumer,0 observed in current frontend source/test outside owner,0 observed in current routes or imports,not applicable to frontend module,0 observed in current frontend configuration,0 observed in current frontend tests,0 observed in current frontend scripts,historical snapshots retained,none,none,none,,,,,,REMOVE_DEAD,No current source/test module imports this declaration from its owner; local declaration retained if used internally,Whole frontend source/test symbol scan; noUnusedLocals; unit tests; TypeScript and Vite build
L-202,frontend/src/features/paper-trading/types/paper-trading.ts,PaperPortfolioCurveCoverage export modifier,TypeScript,unconsumed owner-file export,owner-local or no consumer,0 observed in current frontend source/test outside owner,0 observed in current routes or imports,not applicable to frontend module,0 observed in current frontend configuration,0 observed in current frontend tests,0 observed in current frontend scripts,historical snapshots retained,none,none,none,,,,,,REMOVE_DEAD,No current source/test module imports this declaration from its owner; local declaration retained if used internally,Whole frontend source/test symbol scan; noUnusedLocals; unit tests; TypeScript and Vite build
L-203,frontend/src/features/paper-trading/types/paper-trading.ts,PaperExecutionDiagnosticsOverview export modifier,TypeScript,unconsumed owner-file export,owner-local or no consumer,0 observed in current frontend source/test outside owner,0 observed in current routes or imports,not applicable to frontend module,0 observed in current frontend configuration,0 observed in current frontend tests,0 observed in current frontend scripts,historical snapshots retained,none,none,none,,,,,,REMOVE_DEAD,No current source/test module imports this declaration from its owner; local declaration retained if used internally,Whole frontend source/test symbol scan; noUnusedLocals; unit tests; TypeScript and Vite build
L-204,frontend/src/features/paper-trading/types/paper-trading.ts,PaperExecutionDiagnosticsSafety export modifier,TypeScript,unconsumed owner-file export,owner-local or no consumer,0 observed in current frontend source/test outside owner,0 observed in current routes or imports,not applicable to frontend module,0 observed in current frontend configuration,0 observed in current frontend tests,0 observed in current frontend scripts,historical snapshots retained,none,none,none,,,,,,REMOVE_DEAD,No current source/test module imports this declaration from its owner; local declaration retained if used internally,Whole frontend source/test symbol scan; noUnusedLocals; unit tests; TypeScript and Vite build
L-205,frontend/src/features/paper-trading/types/paper-trading.ts,PaperStrategyEvaluationOverview export modifier,TypeScript,unconsumed owner-file export,owner-local or no consumer,0 observed in current frontend source/test outside owner,0 observed in current routes or imports,not applicable to frontend module,0 observed in current frontend configuration,0 observed in current frontend tests,0 observed in current frontend scripts,historical snapshots retained,none,none,none,,,,,,REMOVE_DEAD,No current source/test module imports this declaration from its owner; local declaration retained if used internally,Whole frontend source/test symbol scan; noUnusedLocals; unit tests; TypeScript and Vite build
L-206,frontend/src/features/paper-trading/types/paper-trading.ts,PaperBacktestDeviation export modifier,TypeScript,unconsumed owner-file export,owner-local or no consumer,0 observed in current frontend source/test outside owner,0 observed in current routes or imports,not applicable to frontend module,0 observed in current frontend configuration,0 observed in current frontend tests,0 observed in current frontend scripts,historical snapshots retained,none,none,none,,,,,,REMOVE_DEAD,No current source/test module imports this declaration from its owner; local declaration retained if used internally,Whole frontend source/test symbol scan; noUnusedLocals; unit tests; TypeScript and Vite build
L-207,frontend/src/features/paper-trading/types/paper-trading.ts,PaperStrategyEvaluationRankings export modifier,TypeScript,unconsumed owner-file export,owner-local or no consumer,0 observed in current frontend source/test outside owner,0 observed in current routes or imports,not applicable to frontend module,0 observed in current frontend configuration,0 observed in current frontend tests,0 observed in current frontend scripts,historical snapshots retained,none,none,none,,,,,,REMOVE_DEAD,No current source/test module imports this declaration from its owner; local declaration retained if used internally,Whole frontend source/test symbol scan; noUnusedLocals; unit tests; TypeScript and Vite build
L-208,frontend/src/features/paper-trading/types/paper-trading.ts,PaperStrategyEvaluationSafety export modifier,TypeScript,unconsumed owner-file export,owner-local or no consumer,0 observed in current frontend source/test outside owner,0 observed in current routes or imports,not applicable to frontend module,0 observed in current frontend configuration,0 observed in current frontend tests,0 observed in current frontend scripts,historical snapshots retained,none,none,none,,,,,,REMOVE_DEAD,No current source/test module imports this declaration from its owner; local declaration retained if used internally,Whole frontend source/test symbol scan; noUnusedLocals; unit tests; TypeScript and Vite build
L-209,frontend/src/features/paper-trading/types/paper-trading.ts,PaperAutoReviewOverview export modifier,TypeScript,unconsumed owner-file export,owner-local or no consumer,0 observed in current frontend source/test outside owner,0 observed in current routes or imports,not applicable to frontend module,0 observed in current frontend configuration,0 observed in current frontend tests,0 observed in current frontend scripts,historical snapshots retained,none,none,none,,,,,,REMOVE_DEAD,No current source/test module imports this declaration from its owner; local declaration retained if used internally,Whole frontend source/test symbol scan; noUnusedLocals; unit tests; TypeScript and Vite build
L-210,frontend/src/features/paper-trading/types/paper-trading.ts,PaperPortfolioReview export modifier,TypeScript,unconsumed owner-file export,owner-local or no consumer,0 observed in current frontend source/test outside owner,0 observed in current routes or imports,not applicable to frontend module,0 observed in current frontend configuration,0 observed in current frontend tests,0 observed in current frontend scripts,historical snapshots retained,none,none,none,,,,,,REMOVE_DEAD,No current source/test module imports this declaration from its owner; local declaration retained if used internally,Whole frontend source/test symbol scan; noUnusedLocals; unit tests; TypeScript and Vite build
L-211,frontend/src/features/paper-trading/types/paper-trading.ts,PaperAutoReviewSafety export modifier,TypeScript,unconsumed owner-file export,owner-local or no consumer,0 observed in current frontend source/test outside owner,0 observed in current routes or imports,not applicable to frontend module,0 observed in current frontend configuration,0 observed in current frontend tests,0 observed in current frontend scripts,historical snapshots retained,none,none,none,,,,,,REMOVE_DEAD,No current source/test module imports this declaration from its owner; local declaration retained if used internally,Whole frontend source/test symbol scan; noUnusedLocals; unit tests; TypeScript and Vite build
L-212,frontend/src/features/accounts/types/accounts.ts,CredentialVerificationStatus export modifier,TypeScript,unconsumed owner-file export,owner-local or no consumer,0 observed in current frontend source/test outside owner,0 observed in current routes or imports,not applicable to frontend module,0 observed in current frontend configuration,0 observed in current frontend tests,0 observed in current frontend scripts,historical snapshots retained,none,none,none,,,,,,REMOVE_DEAD,No current source/test module imports this declaration from its owner; local declaration retained if used internally,Whole frontend source/test symbol scan; noUnusedLocals; unit tests; TypeScript and Vite build
L-213,frontend/src/components/nq/NqMetricCard.tsx,NqMetricTone export modifier,TypeScript,unconsumed owner-file export,owner-local or no consumer,0 observed in current frontend source/test outside owner,0 observed in current routes or imports,not applicable to frontend module,0 observed in current frontend configuration,0 observed in current frontend tests,0 observed in current frontend scripts,historical snapshots retained,none,none,none,,,,,,REMOVE_DEAD,No current source/test module imports this declaration from its owner; local declaration retained if used internally,Whole frontend source/test symbol scan; noUnusedLocals; unit tests; TypeScript and Vite build
L-214,frontend/src/components/nq/RuntimeGuardBanner.tsx,RuntimeGuardBannerVariant export modifier,TypeScript,unconsumed owner-file export,owner-local or no consumer,0 observed in current frontend source/test outside owner,0 observed in current routes or imports,not applicable to frontend module,0 observed in current frontend configuration,0 observed in current frontend tests,0 observed in current frontend scripts,historical snapshots retained,none,none,none,,,,,,REMOVE_DEAD,No current source/test module imports this declaration from its owner; local declaration retained if used internally,Whole frontend source/test symbol scan; noUnusedLocals; unit tests; TypeScript and Vite build
L-215,frontend/src/components/page/ListPageShell.tsx,ListPageShell export modifier,TypeScript,unconsumed owner-file export,owner-local or no consumer,0 observed in current frontend source/test outside owner,0 observed in current routes or imports,not applicable to frontend module,0 observed in current frontend configuration,0 observed in current frontend tests,0 observed in current frontend scripts,historical snapshots retained,none,none,none,,,,,,REMOVE_DEAD,Export disappeared when the unimported owner component file was deleted,Whole frontend source/test symbol scan; noUnusedLocals; unit tests; TypeScript and Vite build
L-216,frontend/src/components/standalone/ExceptionView.tsx,ExceptionMetaItem export modifier,TypeScript,unconsumed owner-file export,owner-local or no consumer,0 observed in current frontend source/test outside owner,0 observed in current routes or imports,not applicable to frontend module,0 observed in current frontend configuration,0 observed in current frontend tests,0 observed in current frontend scripts,historical snapshots retained,none,none,none,,,,,,REMOVE_DEAD,No current source/test module imports this declaration from its owner; local declaration retained if used internally,Whole frontend source/test symbol scan; noUnusedLocals; unit tests; TypeScript and Vite build
L-217,frontend/src/components/standalone/ExceptionView.tsx,ExceptionViewProps export modifier,TypeScript,unconsumed owner-file export,owner-local or no consumer,0 observed in current frontend source/test outside owner,0 observed in current routes or imports,not applicable to frontend module,0 observed in current frontend configuration,0 observed in current frontend tests,0 observed in current frontend scripts,historical snapshots retained,none,none,none,,,,,,REMOVE_DEAD,No current source/test module imports this declaration from its owner; local declaration retained if used internally,Whole frontend source/test symbol scan; noUnusedLocals; unit tests; TypeScript and Vite build
L-218,frontend/src/components/page/ListPageShell.tsx,ListPageShell,TypeScript,unreachable frontend declaration,none,0 observed in current frontend source/test outside owner,0 observed in current routes or imports,not applicable to frontend module,0 observed in current frontend configuration,0 observed in current frontend tests,0 observed in current frontend scripts,historical snapshots retained,none,none,none,,,,,,REMOVE_DEAD,Unrouted placeholder page shell has no import or test consumer,Compiler unused diagnostics followed by successful TypeScript/unit/Vite build
L-219,frontend/src/constants/filter-options.ts,STRATEGY_STATUS_OPTIONS,TypeScript,unreachable frontend declaration,none,0 observed in current frontend source/test outside owner,0 observed in current routes or imports,not applicable to frontend module,0 observed in current frontend configuration,0 observed in current frontend tests,0 observed in current frontend scripts,historical snapshots retained,none,none,none,,,,,,REMOVE_DEAD,Unused strategy status option constant; TypeScript noUnusedLocals confirmed,Compiler unused diagnostics followed by successful TypeScript/unit/Vite build
L-220,frontend/src/nq-design-system/charts/types.ts,NqChartState,TypeScript,unreachable frontend declaration,none,0 observed in current frontend source/test outside owner,0 observed in current routes or imports,not applicable to frontend module,0 observed in current frontend configuration,0 observed in current frontend tests,0 observed in current frontend scripts,historical snapshots retained,none,none,none,,,,,,REMOVE_DEAD,Unused chart state type; TypeScript noUnusedLocals confirmed,Compiler unused diagnostics followed by successful TypeScript/unit/Vite build
L-221,frontend/src/nq-design-system/table/tableDensity.ts,nqAntdTableCellPadding,TypeScript,unreachable frontend declaration,none,0 observed in current frontend source/test outside owner,0 observed in current routes or imports,not applicable to frontend module,0 observed in current frontend configuration,0 observed in current frontend tests,0 observed in current frontend scripts,historical snapshots retained,none,none,none,,,,,,REMOVE_DEAD,Unused AntD density helper; TypeScript noUnusedLocals confirmed,Compiler unused diagnostics followed by successful TypeScript/unit/Vite build
L-222,frontend/src/nq-design-system/theme/nqChartTheme.ts,nqChartSeriesPalette,TypeScript,unreachable frontend declaration,none,0 observed in current frontend source/test outside owner,0 observed in current routes or imports,not applicable to frontend module,0 observed in current frontend configuration,0 observed in current frontend tests,0 observed in current frontend scripts,historical snapshots retained,none,none,none,,,,,,REMOVE_DEAD,Unused chart color array; TypeScript noUnusedLocals confirmed,Compiler unused diagnostics followed by successful TypeScript/unit/Vite build
L-223,frontend/src/types/api.ts,ApiErrorResponse,TypeScript,unreachable frontend declaration,none,0 observed in current frontend source/test outside owner,0 observed in current routes or imports,not applicable to frontend module,0 observed in current frontend configuration,0 observed in current frontend tests,0 observed in current frontend scripts,historical snapshots retained,none,none,none,,,,,,REMOVE_DEAD,Unused internal API error shape; TypeScript noUnusedLocals confirmed,Compiler unused diagnostics followed by successful TypeScript/unit/Vite build
L-224,frontend/src/pages/paper-trading/PaperTradingPlaceholderPage.tsx,PaperTradingPlaceholderPage,TypeScript,obsolete route placeholder component,no route or import consumer,0 observed in current frontend source/test outside owner,0 observed in current routes or imports,not applicable to frontend module,0 observed in current frontend configuration,0 observed in current frontend tests,0 observed in current frontend scripts,historical snapshots retained,none,none,none,,,,,,REMOVE_SUPERSEDED,"No route, lazy import, test, or other source consumer; current paper trading pages replace the placeholder","Router/source/test import scan; TypeScript, unit tests, and Vite build"
L-225,frontend/src/i18n/locales/en-US/pages.json,paperOnlyPlaceholder,JSON,obsolete placeholder translation key,no active i18n consumer,0 observed in current frontend source/test outside owner,0 observed in current routes or imports,not applicable to frontend module,0 observed in current frontend configuration,0 observed in current frontend tests,0 observed in current frontend scripts,historical snapshots retained,none,none,none,,,,,,REMOVE_DEAD,Only removed PaperTradingPlaceholderPage consumed this key,Frontend source/test key search and locale JSON parse in build
L-226,frontend/src/i18n/locales/en-US/pages.json,thisK5BRouteShellDoesNotReadCredentialsAccessRealExchangesOrIssueNewQueriesItIsNotInvestmentAdvice,JSON,obsolete placeholder translation key,no active i18n consumer,0 observed in current frontend source/test outside owner,0 observed in current routes or imports,not applicable to frontend module,0 observed in current frontend configuration,0 observed in current frontend tests,0 observed in current frontend scripts,historical snapshots retained,none,none,none,,,,,,REMOVE_DEAD,Only removed PaperTradingPlaceholderPage consumed this key,Frontend source/test key search and locale JSON parse in build
L-227,frontend/src/i18n/locales/en-US/pages.json,thisModuleWillMoveHereInK5CItsFullViewRemainsAvailableOnTheCompatibleRunsPage,JSON,obsolete placeholder translation key,no active i18n consumer,0 observed in current frontend source/test outside owner,0 observed in current routes or imports,not applicable to frontend module,0 observed in current frontend configuration,0 observed in current frontend tests,0 observed in current frontend scripts,historical snapshots retained,none,none,none,,,,,,REMOVE_DEAD,Only removed PaperTradingPlaceholderPage consumed this key,Frontend source/test key search and locale JSON parse in build
L-228,frontend/src/i18n/locales/en-US/pages.json,backToRuns,JSON,obsolete placeholder translation key,no active i18n consumer,0 observed in current frontend source/test outside owner,0 observed in current routes or imports,not applicable to frontend module,0 observed in current frontend configuration,0 observed in current frontend tests,0 observed in current frontend scripts,historical snapshots retained,none,none,none,,,,,,REMOVE_DEAD,Only removed PaperTradingPlaceholderPage consumed this key,Frontend source/test key search and locale JSON parse in build
L-229,frontend/src/i18n/locales/zh-CN/pages.json,paperOnlyPlaceholder,JSON,obsolete placeholder translation key,no active i18n consumer,0 observed in current frontend source/test outside owner,0 observed in current routes or imports,not applicable to frontend module,0 observed in current frontend configuration,0 observed in current frontend tests,0 observed in current frontend scripts,historical snapshots retained,none,none,none,,,,,,REMOVE_DEAD,Only removed PaperTradingPlaceholderPage consumed this key,Frontend source/test key search and locale JSON parse in build
L-230,frontend/src/i18n/locales/zh-CN/pages.json,thisK5BRouteShellDoesNotReadCredentialsAccessRealExchangesOrIssueNewQueriesItIsNotInvestmentAdvice,JSON,obsolete placeholder translation key,no active i18n consumer,0 observed in current frontend source/test outside owner,0 observed in current routes or imports,not applicable to frontend module,0 observed in current frontend configuration,0 observed in current frontend tests,0 observed in current frontend scripts,historical snapshots retained,none,none,none,,,,,,REMOVE_DEAD,Only removed PaperTradingPlaceholderPage consumed this key,Frontend source/test key search and locale JSON parse in build
L-231,frontend/src/i18n/locales/zh-CN/pages.json,thisModuleWillMoveHereInK5CItsFullViewRemainsAvailableOnTheCompatibleRunsPage,JSON,obsolete placeholder translation key,no active i18n consumer,0 observed in current frontend source/test outside owner,0 observed in current routes or imports,not applicable to frontend module,0 observed in current frontend configuration,0 observed in current frontend tests,0 observed in current frontend scripts,historical snapshots retained,none,none,none,,,,,,REMOVE_DEAD,Only removed PaperTradingPlaceholderPage consumed this key,Frontend source/test key search and locale JSON parse in build
L-232,frontend/src/i18n/locales/zh-CN/pages.json,backToRuns,JSON,obsolete placeholder translation key,no active i18n consumer,0 observed in current frontend source/test outside owner,0 observed in current routes or imports,not applicable to frontend module,0 observed in current frontend configuration,0 observed in current frontend tests,0 observed in current frontend scripts,historical snapshots retained,none,none,none,,,,,,REMOVE_DEAD,Only removed PaperTradingPlaceholderPage consumed this key,Frontend source/test key search and locale JSON parse in build
L-233,research/py/src/nq_research/__main__.py,__main__,Python,research module or CLI entry,CLI/package import or test import,not yet enumerated,not required for KEEP,not required for KEEP,not required for KEEP,research/py/tests,not required for KEEP,historical snapshots retained,none,root launcher CLI compatibility,none,,,,,,KEEP_ACTIVE_RUNTIME,"Module belongs to current nq_research CLI, package graph, or tested research API; no superseding implementation demonstrated",Imports/entrypoint/pytest graph inspection; no Python source changed
L-234,research/py/src/nq_research/cli.py,cli,Python,research module or CLI entry,CLI/package import or test import,not yet enumerated,not required for KEEP,not required for KEEP,not required for KEEP,research/py/tests,not required for KEEP,historical snapshots retained,none,none,none,,,,,,KEEP_ACTIVE_RUNTIME,"Module belongs to current nq_research CLI, package graph, or tested research API; no superseding implementation demonstrated",Imports/entrypoint/pytest graph inspection; no Python source changed
L-235,research/py/src/nq_research/data/models.py,models,Python,research module or CLI entry,CLI/package import or test import,not yet enumerated,not required for KEEP,not required for KEEP,not required for KEEP,research/py/tests,not required for KEEP,historical snapshots retained,none,none,none,,,,,,KEEP_ACTIVE_RUNTIME,"Module belongs to current nq_research CLI, package graph, or tested research API; no superseding implementation demonstrated",Imports/entrypoint/pytest graph inspection; no Python source changed
L-236,research/py/src/nq_research/dataset/manifest.py,manifest,Python,research module or CLI entry,CLI/package import or test import,not yet enumerated,not required for KEEP,not required for KEEP,not required for KEEP,research/py/tests,not required for KEEP,historical snapshots retained,none,none,none,,,,,,KEEP_ACTIVE_RUNTIME,"Module belongs to current nq_research CLI, package graph, or tested research API; no superseding implementation demonstrated",Imports/entrypoint/pytest graph inspection; no Python source changed
L-237,research/py/src/nq_research/evaluation/artifacts.py,artifacts,Python,research module or CLI entry,CLI/package import or test import,not yet enumerated,not required for KEEP,not required for KEEP,not required for KEEP,research/py/tests,not required for KEEP,historical snapshots retained,none,none,none,,,,,,KEEP_ACTIVE_RUNTIME,"Module belongs to current nq_research CLI, package graph, or tested research API; no superseding implementation demonstrated",Imports/entrypoint/pytest graph inspection; no Python source changed
L-238,research/py/src/nq_research/evaluation/metrics.py,metrics,Python,research module or CLI entry,CLI/package import or test import,not yet enumerated,not required for KEEP,not required for KEEP,not required for KEEP,research/py/tests,not required for KEEP,historical snapshots retained,none,none,none,,,,,,KEEP_ACTIVE_RUNTIME,"Module belongs to current nq_research CLI, package graph, or tested research API; no superseding implementation demonstrated",Imports/entrypoint/pytest graph inspection; no Python source changed
L-239,research/py/src/nq_research/evaluation/parameters.py,parameters,Python,research module or CLI entry,CLI/package import or test import,not yet enumerated,not required for KEEP,not required for KEEP,not required for KEEP,research/py/tests,not required for KEEP,historical snapshots retained,none,none,none,,,,,,KEEP_ACTIVE_RUNTIME,"Module belongs to current nq_research CLI, package graph, or tested research API; no superseding implementation demonstrated",Imports/entrypoint/pytest graph inspection; no Python source changed
L-240,research/py/src/nq_research/experiment/metadata.py,metadata,Python,research module or CLI entry,CLI/package import or test import,not yet enumerated,not required for KEEP,not required for KEEP,not required for KEEP,research/py/tests,not required for KEEP,historical snapshots retained,none,none,none,,,,,,KEEP_ACTIVE_RUNTIME,"Module belongs to current nq_research CLI, package graph, or tested research API; no superseding implementation demonstrated",Imports/entrypoint/pytest graph inspection; no Python source changed
L-241,research/py/src/nq_research/reporting/summary.py,summary,Python,research module or CLI entry,CLI/package import or test import,not yet enumerated,not required for KEEP,not required for KEEP,not required for KEEP,research/py/tests,not required for KEEP,historical snapshots retained,none,none,none,,,,,,KEEP_ACTIVE_RUNTIME,"Module belongs to current nq_research CLI, package graph, or tested research API; no superseding implementation demonstrated",Imports/entrypoint/pytest graph inspection; no Python source changed
L-242,research/py/src/nq_research/serialization/canonical.py,canonical,Python,research module or CLI entry,CLI/package import or test import,not yet enumerated,not required for KEEP,not required for KEEP,not required for KEEP,research/py/tests,not required for KEEP,historical snapshots retained,none,none,none,,,,,,KEEP_ACTIVE_RUNTIME,"Module belongs to current nq_research CLI, package graph, or tested research API; no superseding implementation demonstrated",Imports/entrypoint/pytest graph inspection; no Python source changed
L-243,research/py/src/nq_research/strategy/sample_strategy.py,sample_strategy,Python,research module or CLI entry,CLI/package import or test import,not yet enumerated,not required for KEEP,not required for KEEP,not required for KEEP,research/py/tests,not required for KEEP,historical snapshots retained,none,none,none,,,,,,KEEP_ACTIVE_RUNTIME,"Module belongs to current nq_research CLI, package graph, or tested research API; no superseding implementation demonstrated",Imports/entrypoint/pytest graph inspection; no Python source changed
L-244,research/py/nq_research/__main__.py,python -m nq_research,Python,root compatibility launcher,python -m command,not yet enumerated,not required for KEEP,not required for KEEP,not required for KEEP,not yet enumerated,not required for KEEP,historical snapshots retained,none,accepted root CLI launcher,none,,,,,,KEEP_ACTIVE_COMPATIBILITY,Root launcher forwards the accepted CLI contract to the src package entrypoint,CLI entrypoint and test graph inspection; no Python source changed
L-245,scripts/verify/rc1_local_account_context_seed.sql,rc1_local_account_context_seed,SQL,zero explicit-name reference tool,manual or test discovery,not yet enumerated,not required for KEEP,not required for KEEP,not required for KEEP,not yet enumerated,manual historical reproduction,historical snapshots retained,none,none,historical reproduction,,,,,,KEEP_HISTORICAL_IDENTITY,Historical local account fixture remains referenced by Gate J,Workflow/current-doc/reference search plus historical evidence search
L-246,scripts/java-standard/tests/Test-SongshanHistoryBoundary.ps1,Test-SongshanHistoryBoundary,PowerShell,zero explicit-name reference tool,manual or test discovery,not yet enumerated,not required for KEEP,not required for KEEP,not required for KEEP,not yet enumerated,test discovery/manual validation,historical snapshots retained,none,none,tool regression,,,,,,KEEP_ACTIVE_TOOLING,Test entrypoint is invoked through test discovery or manual engineering validation,Workflow/current-doc/reference search plus historical evidence search
L-247,scripts/java-standard/tests/Test-ShadowReportProofHash.ps1,Test-ShadowReportProofHash,PowerShell,zero explicit-name reference tool,manual or test discovery,not yet enumerated,not required for KEEP,not required for KEEP,not required for KEEP,not yet enumerated,test discovery/manual validation,historical snapshots retained,none,none,tool regression,,,,,,KEEP_ACTIVE_TOOLING,Test entrypoint is invoked through test discovery or manual engineering validation,Workflow/current-doc/reference search plus historical evidence search
L-248,scripts/java-standard/tests/Test-MavenProfileValidation.ps1,Test-MavenProfileValidation,PowerShell,zero explicit-name reference tool,manual or test discovery,not yet enumerated,not required for KEEP,not required for KEEP,not required for KEEP,not yet enumerated,test discovery/manual validation,historical snapshots retained,none,none,tool regression,,,,,,KEEP_ACTIVE_TOOLING,Test entrypoint is invoked through test discovery or manual engineering validation,Workflow/current-doc/reference search plus historical evidence search
L-249,scripts/java-standard/tests/Test-JavaShadowCiContract.ps1,Test-JavaShadowCiContract,PowerShell,zero explicit-name reference tool,manual or test discovery,not yet enumerated,not required for KEEP,not required for KEEP,not required for KEEP,not yet enumerated,test discovery/manual validation,historical snapshots retained,none,none,tool regression,,,,,,KEEP_ACTIVE_TOOLING,Test entrypoint is invoked through test discovery or manual engineering validation,Workflow/current-doc/reference search plus historical evidence search
L-250,scripts/java-standard/tests/Test-JavaEngineeringValidation.ps1,Test-JavaEngineeringValidation,PowerShell,zero explicit-name reference tool,manual or test discovery,not yet enumerated,not required for KEEP,not required for KEEP,not required for KEEP,not yet enumerated,test discovery/manual validation,historical snapshots retained,none,none,tool regression,,,,,,KEEP_ACTIVE_TOOLING,Test entrypoint is invoked through test discovery or manual engineering validation,Workflow/current-doc/reference search plus historical evidence search
L-251,scripts/java-standard/tests/Test-CanonicalConfigurationHash.ps1,Test-CanonicalConfigurationHash,PowerShell,zero explicit-name reference tool,manual or test discovery,not yet enumerated,not required for KEEP,not required for KEEP,not required for KEEP,not yet enumerated,test discovery/manual validation,historical snapshots retained,none,none,tool regression,,,,,,KEEP_ACTIVE_TOOLING,Test entrypoint is invoked through test discovery or manual engineering validation,Workflow/current-doc/reference search plus historical evidence search
L-252,scripts/ci/tests/Test-ArchiveIntegrityRepro.ps1,Test-ArchiveIntegrityRepro,PowerShell,zero explicit-name reference tool,manual or test discovery,not yet enumerated,not required for KEEP,not required for KEEP,not required for KEEP,not yet enumerated,test discovery/manual validation,historical snapshots retained,none,none,tool regression,,,,,,KEEP_ACTIVE_TOOLING,Test entrypoint is invoked through test discovery or manual engineering validation,Workflow/current-doc/reference search plus historical evidence search
L-253,backend/nq-app/src/main/resources/application-ci.yml,application-ci,YAML,Spring profile configuration candidate,Spring Boot base/profile loading,not yet enumerated,not required for KEEP,not required for KEEP,Spring profile loader,not yet enumerated,not required for KEEP,historical snapshots retained,none,none,none,,,,,,KEEP_ACTIVE_RUNTIME,Spring Boot selects this base/profile configuration; safety and external integration settings require explicit profile compatibility,"Spring profile naming, @Profile/ConfigurationProperties and CI/test profile search"
L-254,backend/nq-app/src/main/resources/application-local.yml,application-local,YAML,Spring profile configuration candidate,Spring Boot base/profile loading,not yet enumerated,not required for KEEP,not required for KEEP,Spring profile loader,not yet enumerated,not required for KEEP,historical snapshots retained,none,none,none,,,,,,KEEP_ACTIVE_RUNTIME,Spring Boot selects this base/profile configuration; safety and external integration settings require explicit profile compatibility,"Spring profile naming, @Profile/ConfigurationProperties and CI/test profile search"
L-255,backend/nq-app/src/main/resources/application-paper.yml,application-paper,YAML,Spring profile configuration candidate,Spring Boot base/profile loading,not yet enumerated,not required for KEEP,not required for KEEP,Spring profile loader,not yet enumerated,not required for KEEP,historical snapshots retained,none,none,none,,,,,,KEEP_ACTIVE_RUNTIME,Spring Boot selects this base/profile configuration; safety and external integration settings require explicit profile compatibility,"Spring profile naming, @Profile/ConfigurationProperties and CI/test profile search"
L-256,backend/nq-app/src/main/resources/application-prod.yml,application-prod,YAML,Spring profile configuration candidate,Spring Boot base/profile loading,not yet enumerated,not required for KEEP,not required for KEEP,Spring profile loader,not yet enumerated,not required for KEEP,historical snapshots retained,none,none,none,,,,,,KEEP_ACTIVE_RUNTIME,Spring Boot selects this base/profile configuration; safety and external integration settings require explicit profile compatibility,"Spring profile naming, @Profile/ConfigurationProperties and CI/test profile search"
L-257,backend/nq-app/src/main/resources/application-public-marketdata-manual.yml,application-public-marketdata-manual,YAML,Spring profile configuration candidate,Spring Boot base/profile loading,not yet enumerated,not required for KEEP,not required for KEEP,Spring profile loader,not yet enumerated,not required for KEEP,historical snapshots retained,none,none,none,,,,,,KEEP_ACTIVE_RUNTIME,Spring Boot selects this base/profile configuration; safety and external integration settings require explicit profile compatibility,"Spring profile naming, @Profile/ConfigurationProperties and CI/test profile search"
L-258,backend/nq-app/src/main/resources/application-scoped-okx-private-readonly.yml,application-scoped-okx-private-readonly,YAML,Spring profile configuration candidate,Spring Boot base/profile loading,not yet enumerated,not required for KEEP,not required for KEEP,Spring profile loader,not yet enumerated,not required for KEEP,historical snapshots retained,none,none,none,,,,,,KEEP_ACTIVE_RUNTIME,Spring Boot selects this base/profile configuration; safety and external integration settings require explicit profile compatibility,"Spring profile naming, @Profile/ConfigurationProperties and CI/test profile search"
L-259,backend/nq-app/src/main/resources/application-test.yml,application-test,YAML,Spring profile configuration candidate,Spring Boot base/profile loading,not yet enumerated,not required for KEEP,not required for KEEP,Spring profile loader,not yet enumerated,not required for KEEP,historical snapshots retained,none,none,none,,,,,,KEEP_ACTIVE_RUNTIME,Spring Boot selects this base/profile configuration; safety and external integration settings require explicit profile compatibility,"Spring profile naming, @Profile/ConfigurationProperties and CI/test profile search"
L-260,backend/nq-app/src/main/resources/application.yml,application,YAML,Spring profile configuration candidate,Spring Boot base/profile loading,not yet enumerated,not required for KEEP,not required for KEEP,Spring profile loader,not yet enumerated,not required for KEEP,historical snapshots retained,none,none,none,,,,,,KEEP_ACTIVE_RUNTIME,Spring Boot selects this base/profile configuration; safety and external integration settings require explicit profile compatibility,"Spring profile naming, @Profile/ConfigurationProperties and CI/test profile search"
L-261,frontend/src/nq-design-system/tokens/nq-tokens.css,nq-tokens.css,CSS,unimported compatibility token stylesheet,opt-in stylesheet only,not yet enumerated,not required for KEEP,not required for KEEP,not required for KEEP,not yet enumerated,not required for KEEP,historical snapshots retained,none,static CSS alias fallback,none,,,,,,KEEP_INTENTIONAL_REFERENCE_IMPLEMENTATION,Opt-in static :root fallback is documented for design-system reference and historical CSS alias reproduction,No active import; current design-system README and ref documentation inspected
